model,doc_id,source_file,status,reason,gt_file_exists,matched_count,gt_only_count,pred_only_count,gt_defendant_count,pred_defendant_count,llm_calls,input_tokens,output_tokens,total_tokens,fallback_errors,fallback_used
act,01-02-2024-Khanh_Hoa-2ta1430918t1cvn,01-02-2024-Khanh_Hoa-2ta1430918t1cvn.json,processed,ok,True,1,0,0,1,1,3,23072,4722,27794,0,False
act,01-04-2025-Tuyen_Quang-2ta1791873t1cvn,01-04-2025-Tuyen_Quang-2ta1791873t1cvn.json,processed,ok,True,2,0,0,2,2,3,29283,6655,35938,0,False
act,01-08-2024-Bac_Giang-2ta1610530t1cvn,01-08-2024-Bac_Giang-2ta1610530t1cvn.json,processed,ok,True,1,0,0,1,1,3,23581,4934,28515,0,False
act,01-08-2025-Hai_Phong-2ta1913320t1cvn,01-08-2025-Hai_Phong-2ta1913320t1cvn.json,processed,ok,True,1,0,0,1,1,3,26546,4820,31366,0,False
act,02-04-2025-Ha_Noi-2ta1950007t1cvn,02-04-2025-Ha_Noi-2ta1950007t1cvn.json,processed,ok,True,1,0,0,1,1,3,24463,5193,29656,0,False
act,02-06-2025-Khanh_Hoa-2ta1912779t1cvn,02-06-2025-Khanh_Hoa-2ta1912779t1cvn.json,processed,ok,True,1,0,0,1,1,3,24110,4674,28784,0,False
act,02-07-2025-Ho_Chi_Minh-2ta1973163t1cvn,02-07-2025-Ho_Chi_Minh-2ta1973163t1cvn.json,processed,ok,True,1,0,0,1,1,3,25317,5001,30318,0,False
act,02-08-2024-Ho_Chi_Minh-2ta1628292t1cvn,02-08-2024-Ho_Chi_Minh-2ta1628292t1cvn.json,processed,ok,True,1,0,0,1,1,3,30797,4686,35483,0,False
act,02-12-2025-Ha_Noi-2ta2018534t1cvn,02-12-2025-Ha_Noi-2ta2018534t1cvn.json,processed,ok,True,1,0,0,1,1,3,24855,5311,30166,0,False
act,03-01-2025-An_Giang-2ta1917746t1cvn,03-01-2025-An_Giang-2ta1917746t1cvn.json,processed,ok,True,1,0,0,1,1,3,23836,4402,28238,0,False
act,03-01-2025-Hung_Yen-2ta1712895t1cvn,03-01-2025-Hung_Yen-2ta1712895t1cvn.json,processed,ok,True,1,0,0,1,1,3,28012,4817,32829,0,False
act,03-05-2024-Thai_Binh-2ta1510909t1cvn,03-05-2024-Thai_Binh-2ta1510909t1cvn.json,processed,ok,True,6,0,0,6,6,3,27618,7016,34634,0,False
act,03-06-2025-Ho_Chi_Minh-2ta1868097t1cvn,03-06-2025-Ho_Chi_Minh-2ta1868097t1cvn.json,processed,ok,True,1,0,0,1,1,3,21643,4109,25752,0,False
act,04-03-2024-Kien_Giang-2ta1597508t1cvn,04-03-2024-Kien_Giang-2ta1597508t1cvn.json,processed,ok,True,1,0,0,1,1,3,21147,4412,25559,0,False
act,04-03-2025-Hung_Yen-2ta1764393t1cvn,04-03-2025-Hung_Yen-2ta1764393t1cvn.json,processed,ok,True,2,0,0,2,2,3,36086,5682,41768,0,False
act,04-06-2025-Khanh_Hoa-2ta1896878t1cvn,04-06-2025-Khanh_Hoa-2ta1896878t1cvn.json,processed,ok,True,2,0,0,2,2,3,34001,5110,39111,0,False
act,04-09-2025-Son_La-2ta1975105t1cvn,04-09-2025-Son_La-2ta1975105t1cvn.json,processed,ok,True,1,0,0,1,1,3,28719,4330,33049,0,False
act,05-01-2024-Lai_Chau-2ta1406042t1cvn,05-01-2024-Lai_Chau-2ta1406042t1cvn.json,processed,ok,True,1,0,0,1,1,3,20004,5133,25137,0,False
act,05-03-2024-Kien_Giang-2ta1647682t1cvn,05-03-2024-Kien_Giang-2ta1647682t1cvn.json,processed,ok,True,1,0,0,1,1,3,20260,4611,24871,0,False
act,05-03-2025-Nghe_An-2ta1965821t1cvn,05-03-2025-Nghe_An-2ta1965821t1cvn.json,processed,ok,True,5,0,0,5,5,3,36560,7232,43792,0,False
act,05-07-2024-Cao_Bang-2ta1552371t1cvn,05-07-2024-Cao_Bang-2ta1552371t1cvn.json,processed,ok,True,1,0,0,1,1,3,21100,4718,25818,0,False
act,05-08-2025-Dak_Lak-2ta1897296t1cvn,05-08-2025-Dak_Lak-2ta1897296t1cvn.json,processed,ok,True,1,0,0,1,1,3,23914,4394,28308,0,False
act,05-09-2025-Ca_Mau-2ta2011326t1cvn,05-09-2025-Ca_Mau-2ta2011326t1cvn.json,processed,ok,True,1,0,0,1,1,3,27940,5088,33028,0,False
act,06-01-2025-Bac_Giang-2ta1741748t1cvn,06-01-2025-Bac_Giang-2ta1741748t1cvn.json,processed,ok,True,1,0,0,1,1,3,26161,5141,31302,0,False
act,06-03-2025-Nam_Dinh-2ta1782856t1cvn,06-03-2025-Nam_Dinh-2ta1782856t1cvn.json,processed,ok,True,2,0,0,2,2,3,24151,5836,29987,0,False
act,06-05-2025-Quang_Ngai-2ta1883967t1cvn,06-05-2025-Quang_Ngai-2ta1883967t1cvn.json,processed,ok,True,1,0,0,1,1,3,16323,4568,20891,0,False
act,06-06-2025-Ho_Chi_Minh-2ta1854245t1cvn,06-06-2025-Ho_Chi_Minh-2ta1854245t1cvn.json,processed,ok,True,2,0,0,2,2,4,36022,6686,42708,0,False
act,06-06-2025-Tuyen_Quang-2ta1850013t1cvn,06-06-2025-Tuyen_Quang-2ta1850013t1cvn.json,processed,ok,True,2,0,0,2,2,3,32485,5215,37700,0,False
act,06-08-2024-Binh_Duong-2ta1579304t1cvn,06-08-2024-Binh_Duong-2ta1579304t1cvn.json,processed,ok,True,2,0,0,2,2,3,26570,5265,31835,0,False
act,06-11-2025-Dong_Nai-2ta2056899t1cvn,06-11-2025-Dong_Nai-2ta2056899t1cvn.json,processed,ok,True,1,0,0,1,1,3,24790,4990,29780,0,False
act,07-03-2025-Hai_Duong-2ta1767390t1cvn,07-03-2025-Hai_Duong-2ta1767390t1cvn.json,processed,ok,True,1,0,0,1,1,3,25072,4282,29354,0,False
act,07-05-2024-Ho_Chi_Minh-2ta1619879t1cvn,07-05-2024-Ho_Chi_Minh-2ta1619879t1cvn.json,processed,ok,True,1,0,0,1,1,3,26147,4072,30219,0,False
act,07-08-2024-Ba_Ria_Vung_Tau-2ta1618858t1cvn,07-08-2024-Ba_Ria_Vung_Tau-2ta1618858t1cvn.json,processed,ok,True,3,0,0,3,3,3,23786,5434,29220,0,False
act,07-08-2025-Bac_Ninh-2ta1900243t1cvn,07-08-2025-Bac_Ninh-2ta1900243t1cvn.json,processed,ok,True,2,0,0,2,2,3,27355,6695,34050,0,False
act,07-08-2025-Cao_Bang-2ta1957517t1cvn,07-08-2025-Cao_Bang-2ta1957517t1cvn.json,processed,ok,True,1,0,0,1,1,3,22275,4367,27677,1,True
act,07-08-2025-Nghe_An-2ta1871673t1cvn,07-08-2025-Nghe_An-2ta1871673t1cvn.json,processed,ok,True,1,0,0,1,1,3,24494,4395,28889,0,False
act,07-11-2024-Lai_Chau-2ta1687837t1cvn,07-11-2024-Lai_Chau-2ta1687837t1cvn.json,processed,ok,True,1,0,0,1,1,3,26659,4663,31322,0,False
act,08-04-2024-Ho_Chi_Minh-2ta1604010t1cvn,08-04-2024-Ho_Chi_Minh-2ta1604010t1cvn.json,processed,ok,True,1,0,0,1,1,3,22967,4745,27712,0,False
act,08-04-2024-Nam_Dinh-2ta1484859t1cvn,08-04-2024-Nam_Dinh-2ta1484859t1cvn.json,processed,ok,True,5,0,0,5,5,3,33747,6821,40568,0,False
act,08-05-2024-Dong_Thap-2ta1503612t1cvn,08-05-2024-Dong_Thap-2ta1503612t1cvn.json,processed,ok,True,1,0,0,1,1,3,20146,4764,24910,0,False
act,08-07-2025-Tuyen_Quang-2ta1866767t1cvn,08-07-2025-Tuyen_Quang-2ta1866767t1cvn.json,processed,ok,True,4,0,0,4,4,3,24683,6399,31082,0,False
act,09-01-2024-Ha_Noi-2ta1626776t1cvn,09-01-2024-Ha_Noi-2ta1626776t1cvn.json,processed,ok,True,1,0,0,1,1,3,29096,4832,33928,0,False
act,09-01-2025-Bac_Lieu-2ta1763232t1cvn,09-01-2025-Bac_Lieu-2ta1763232t1cvn.json,processed,ok,True,1,0,0,1,1,3,29028,5044,34072,0,False
act,09-01-2025-Phu_Tho-2ta1852066t1cvn,09-01-2025-Phu_Tho-2ta1852066t1cvn.json,processed,ok,True,2,0,0,2,2,3,32112,5741,37853,0,False
act,09-04-2024-Dak_Lak-2ta1491704t1cvn,09-04-2024-Dak_Lak-2ta1491704t1cvn.json,processed,ok,True,3,0,0,3,3,3,28736,6337,35073,0,False
act,09-05-2024-Quang_Ninh-2ta1555454t1cvn,09-05-2024-Quang_Ninh-2ta1555454t1cvn.json,processed,ok,True,1,0,0,1,1,3,21587,4976,26563,0,False
act,09-06-2025-Vinh_Phuc-2ta1928651t1cvn,09-06-2025-Vinh_Phuc-2ta1928651t1cvn.json,processed,ok,True,2,0,0,2,2,3,29668,5305,34973,0,False
act,09-07-2024-Tuyen_Quang-2ta1553282t1cvn,09-07-2024-Tuyen_Quang-2ta1553282t1cvn.json,processed,ok,True,1,0,0,1,1,3,14115,3147,17262,0,False
act,09-08-2024-Dong_Thap-2ta1594564t1cvn,09-08-2024-Dong_Thap-2ta1594564t1cvn.json,processed,ok,True,1,0,0,1,1,3,23159,5137,28296,0,False
act,09-09-2025-Dien_Bien-2ta1980311t1cvn,09-09-2025-Dien_Bien-2ta1980311t1cvn.json,processed,ok,True,1,0,0,1,1,3,25109,4849,29958,0,False
act,09-09-2025-Son_La-2ta1978095t1cvn,09-09-2025-Son_La-2ta1978095t1cvn.json,processed,ok,True,16,0,0,16,16,3,41991,12357,56419,1,True
act,10-01-2025-Khanh_Hoa-2ta1738112t1cvn,10-01-2025-Khanh_Hoa-2ta1738112t1cvn.json,processed,ok,True,1,0,0,1,1,3,30936,5461,36397,0,False
act,10-01-2025-Phu_Tho-2ta1852183t1cvn,10-01-2025-Phu_Tho-2ta1852183t1cvn.json,processed,ok,True,1,0,0,1,1,3,24110,4810,28920,0,False
act,10-03-2024-Tien_Giang-2ta1461024t1cvn,10-03-2024-Tien_Giang-2ta1461024t1cvn.json,processed,ok,True,2,0,0,2,2,3,24734,5028,29762,0,False
act,10-05-2024-Hai_Duong-2ta1521714t1cvn,10-05-2024-Hai_Duong-2ta1521714t1cvn.json,processed,ok,True,1,0,0,1,1,3,28323,4169,32492,0,False
act,10-05-2025-Vinh_Phuc-2ta1820910t1cvn,10-05-2025-Vinh_Phuc-2ta1820910t1cvn.json,processed,ok,True,1,0,0,1,1,3,24532,4929,29461,0,False
act,10-07-2024-Dien_Bien-2ta1564951t1cvn,10-07-2024-Dien_Bien-2ta1564951t1cvn.json,processed,ok,True,1,0,0,1,1,3,16742,4146,20888,0,False
act,10-07-2025-Hai_Phong-2ta1883997t1cvn,10-07-2025-Hai_Phong-2ta1883997t1cvn.json,processed,ok,True,1,0,0,1,1,3,27888,4219,32107,0,False
act,10-08-2025-Lao_Cai-2ta1964308t1cvn,10-08-2025-Lao_Cai-2ta1964308t1cvn.json,processed,ok,True,2,0,0,2,2,3,31571,5603,37174,0,False
act,10-12-2024-Bac_Ninh-2ta1805238t1cvn,10-12-2024-Bac_Ninh-2ta1805238t1cvn.json,processed,ok,True,1,0,0,1,1,3,21208,4905,26113,0,False
act,10-12-2025-Ha_Tinh-2ta2055815t1cvn,10-12-2025-Ha_Tinh-2ta2055815t1cvn.json,processed,ok,True,1,0,0,1,1,3,27282,4911,32193,0,False
act,11-01-2024-Thai_Nguyen-2ta1565714t1cvn,11-01-2024-Thai_Nguyen-2ta1565714t1cvn.json,processed,ok,True,1,0,0,1,1,3,27484,4949,32433,0,False
act,11-01-2024-Yen_Bai-2ta1413451t1cvn,11-01-2024-Yen_Bai-2ta1413451t1cvn.json,processed,ok,True,1,0,0,1,1,3,28430,4639,33069,0,False
act,11-03-2024-Quang_Ngai-2ta1460455t1cvn,11-03-2024-Quang_Ngai-2ta1460455t1cvn.json,processed,ok,True,1,0,0,1,1,3,27801,4735,32536,0,False
act,11-06-2024-Ho_Chi_Minh-2ta1589981t1cvn,11-06-2024-Ho_Chi_Minh-2ta1589981t1cvn.json,processed,ok,True,1,0,0,1,1,3,21426,4509,25935,0,False
act,11-08-2025-Tuyen_Quang-2ta1926816t1cvn,11-08-2025-Tuyen_Quang-2ta1926816t1cvn.json,processed,ok,True,1,0,0,1,1,3,27574,4984,32558,0,False
act,11-11-2025-Ca_Mau-2ta2012503t1cvn,11-11-2025-Ca_Mau-2ta2012503t1cvn.json,processed,ok,True,1,0,0,1,1,3,34948,4656,39604,0,False
act,12-01-2025-Binh_Duong-2ta1833899t1cvn,12-01-2025-Binh_Duong-2ta1833899t1cvn.json,processed,ok,True,1,0,0,1,1,3,22224,4728,26952,0,False
act,12-03-2025-Ho_Chi_Minh-2ta1804598t1cvn,12-03-2025-Ho_Chi_Minh-2ta1804598t1cvn.json,processed,ok,True,1,0,0,1,1,3,26586,5118,31704,0,False
act,12-08-2025-Ho_Chi_Minh-2ta1959418t1cvn,12-08-2025-Ho_Chi_Minh-2ta1959418t1cvn.json,processed,ok,True,2,0,0,2,2,3,29223,4934,34157,0,False
act,12-08-2025-Hue-2ta1952506t1cvn,12-08-2025-Hue-2ta1952506t1cvn.json,processed,ok,True,2,0,0,2,2,3,28916,5896,34812,0,False
act,12-08-2025-Lai_Chau-2ta1919469t1cvn,12-08-2025-Lai_Chau-2ta1919469t1cvn.json,processed,ok,True,2,0,0,2,2,3,26139,5341,31480,0,False
act,12-08-2025-Ninh_Binh-2ta1930408t1cvn,12-08-2025-Ninh_Binh-2ta1930408t1cvn.json,processed,ok,True,1,0,0,1,1,3,24808,4417,29225,0,False
act,12-11-2024-Cao_Bang-2ta1689860t1cvn,12-11-2024-Cao_Bang-2ta1689860t1cvn.json,processed,ok,True,1,0,0,1,1,3,28735,4233,32968,0,False
act,13-03-2025-Ba_Ria_Vung_Tau-2ta1810610t1cvn,13-03-2025-Ba_Ria_Vung_Tau-2ta1810610t1cvn.json,processed,ok,True,1,0,0,1,1,3,23711,4174,27885,0,False
act,13-06-2024-Ho_Chi_Minh-2ta1618708t1cvn,13-06-2024-Ho_Chi_Minh-2ta1618708t1cvn.json,processed,ok,True,2,0,0,2,2,3,22609,4479,27088,0,False
act,13-08-2024-Quang_Tri-2ta1650161t1cvn,13-08-2024-Quang_Tri-2ta1650161t1cvn.json,processed,ok,True,3,0,0,3,3,3,33787,5626,39413,0,False
act,13-08-2025-Da_Nang-2ta1943094t1cvn,13-08-2025-Da_Nang-2ta1943094t1cvn.json,processed,ok,True,1,0,0,1,1,3,26083,4839,30922,0,False
act,13-08-2025-Hue-2ta1952404t1cvn,13-08-2025-Hue-2ta1952404t1cvn.json,processed,ok,True,2,0,0,2,2,3,27096,5149,32245,0,False
act,14-03-2024-Thai_Binh-2ta1475993t1cvn,14-03-2024-Thai_Binh-2ta1475993t1cvn.json,processed,ok,True,1,0,0,1,1,3,23469,5344,28813,0,False
act,14-03-2024-Thai_Nguyen-2ta1565744t1cvn,14-03-2024-Thai_Nguyen-2ta1565744t1cvn.json,processed,ok,True,2,0,0,2,2,3,25355,5436,30791,0,False
act,14-06-2024-Ha_Noi-2ta1588561t1cvn,14-06-2024-Ha_Noi-2ta1588561t1cvn.json,processed,ok,True,1,0,0,1,1,3,24525,5619,31189,1,True
act,14-08-2025-Ha_Tinh-2ta1962835t1cvn,14-08-2025-Ha_Tinh-2ta1962835t1cvn.json,processed,ok,True,1,0,0,1,1,3,25528,5040,30568,0,False
act,14-08-2025-Ho_Chi_Minh-2ta1973446t1cvn,14-08-2025-Ho_Chi_Minh-2ta1973446t1cvn.json,processed,ok,True,1,0,0,1,1,3,25829,4599,30428,0,False
act,14-11-2024-Hung_Yen-2ta1778508t1cvn,14-11-2024-Hung_Yen-2ta1778508t1cvn.json,processed,ok,True,2,0,0,2,2,3,32155,5024,37179,0,False
act,14-11-2025-An_Giang-2ta2034336t1cvn,14-11-2025-An_Giang-2ta2034336t1cvn.json,processed,ok,True,2,0,0,2,2,3,24046,4976,29022,0,False
act,15-01-2025-Quang_Ninh-2ta1721699t1cvn,15-01-2025-Quang_Ninh-2ta1721699t1cvn.json,processed,ok,True,1,0,0,1,1,3,25415,5438,30853,0,False
act,15-04-2024-Tien_Giang-2ta1619955t1cvn,15-04-2024-Tien_Giang-2ta1619955t1cvn.json,processed,ok,True,1,0,0,1,1,3,22951,4558,27509,0,False
act,15-04-2025-Ho_Chi_Minh-2ta1936700t1cvn,15-04-2025-Ho_Chi_Minh-2ta1936700t1cvn.json,processed,ok,True,1,0,0,1,1,3,20584,4577,25161,0,False
act,15-07-2024-Tuyen_Quang-2ta1585800t1cvn,15-07-2024-Tuyen_Quang-2ta1585800t1cvn.json,processed,ok,True,2,0,0,2,2,3,25746,6190,31936,0,False
act,15-11-2024-Nghe_An-2ta1747859t1cvn,15-11-2024-Nghe_An-2ta1747859t1cvn.json,processed,ok,True,1,0,0,1,1,3,24837,5106,29943,0,False
act,15-12-2025-Ninh_Binh-2ta2023886t1cvn,15-12-2025-Ninh_Binh-2ta2023886t1cvn.json,processed,ok,True,1,0,0,1,1,3,30412,5171,35583,0,False
act,16-01-2025-Lao_Cai-2ta1721534t1cvn,16-01-2025-Lao_Cai-2ta1721534t1cvn.json,processed,ok,True,6,0,0,6,6,3,29786,7667,37453,0,False
act,16-06-2025-Ha_Tinh-2ta1866292t1cvn,16-06-2025-Ha_Tinh-2ta1866292t1cvn.json,processed,ok,True,1,0,0,1,1,3,22033,5438,27471,0,False
act,16-07-2025-Ninh_Binh-2ta1893934t1cvn,16-07-2025-Ninh_Binh-2ta1893934t1cvn.json,processed,ok,True,2,0,0,2,2,3,32237,5306,37543,0,False
act,16-08-2024-Ho_Chi_Minh-2ta1631427t1cvn,16-08-2024-Ho_Chi_Minh-2ta1631427t1cvn.json,processed,ok,True,1,0,0,1,1,3,21572,4481,26053,0,False
act,16-09-2024-Quang_Binh-2ta1665286t1cvn,16-09-2024-Quang_Binh-2ta1665286t1cvn.json,processed,ok,True,1,0,0,1,1,3,23977,4527,28504,0,False
act,16-09-2025-Dien_Bien-2ta1980369t1cvn,16-09-2025-Dien_Bien-2ta1980369t1cvn.json,processed,ok,True,1,0,0,1,1,3,24368,4581,29957,1,True
act,16-09-2025-Hai_Phong-2ta1981049t1cvn,16-09-2025-Hai_Phong-2ta1981049t1cvn.json,processed,ok,True,1,0,0,1,1,3,30027,4670,34697,0,False
act,17-01-2025-Bac_Ninh-2ta1781125t1cvn,17-01-2025-Bac_Ninh-2ta1781125t1cvn.json,processed,ok,True,1,0,0,1,1,3,19082,4802,23884,0,False
act,17-01-2025-Dien_Bien-2ta1734118t1cvn,17-01-2025-Dien_Bien-2ta1734118t1cvn.json,processed,ok,True,3,0,0,3,3,3,22929,4991,27920,0,False
act,17-01-2025-Dien_Bien-2ta1734140t1cvn,17-01-2025-Dien_Bien-2ta1734140t1cvn.json,processed,ok,True,1,0,0,1,1,3,20408,5586,25994,0,False
act,17-01-2025-Hai_Phong-2ta1837868t1cvn,17-01-2025-Hai_Phong-2ta1837868t1cvn.json,processed,ok,True,1,0,0,1,1,3,29188,5062,34250,0,False
act,17-03-2025-Ba_Ria_Vung_Tau-2ta1839127t1cvn,17-03-2025-Ba_Ria_Vung_Tau-2ta1839127t1cvn.json,processed,ok,True,1,0,0,1,1,3,30149,4909,35058,0,False
act,17-03-2025-Hue-2ta1940719t1cvn,17-03-2025-Hue-2ta1940719t1cvn.json,processed,ok,True,1,0,0,1,1,3,25438,5339,30777,0,False
act,17-04-2024-Son_La-2ta1481639t1cvn,17-04-2024-Son_La-2ta1481639t1cvn.json,processed,ok,True,1,0,0,1,1,3,29081,4592,33673,0,False
act,17-04-2024-Tuyen_Quang-2ta1484686t1cvn,17-04-2024-Tuyen_Quang-2ta1484686t1cvn.json,processed,ok,True,1,0,0,1,1,3,22165,4726,26891,0,False
act,17-04-2025-Dong_Nai-2ta1846924t1cvn,17-04-2025-Dong_Nai-2ta1846924t1cvn.json,processed,ok,True,1,0,0,1,1,3,24509,5035,29544,0,False
act,17-04-2025-Ho_Chi_Minh-2ta1799205t1cvn,17-04-2025-Ho_Chi_Minh-2ta1799205t1cvn.json,processed,ok,True,3,0,0,3,3,3,30678,5449,36127,0,False
act,17-04-2025-Thai_Binh-2ta1803410t1cvn,17-04-2025-Thai_Binh-2ta1803410t1cvn.json,processed,ok,True,1,0,0,1,1,3,23193,5170,28363,0,False
act,17-06-2025-Dak_Lak-2ta1857233t1cvn,17-06-2025-Dak_Lak-2ta1857233t1cvn.json,processed,ok,True,1,0,0,1,1,3,28437,4309,32746,0,False
act,17-06-2025-UnknownProvince-2ta2005675t1cvn,17-06-2025-UnknownProvince-2ta2005675t1cvn.json,processed,ok,True,3,0,0,3,3,3,28344,7335,35679,0,False
act,18-02-2025-Dien_Bien-2ta1748152t1cvn,18-02-2025-Dien_Bien-2ta1748152t1cvn.json,processed,ok,True,1,0,0,1,1,3,24535,4898,29433,0,False
act,18-03-2024-Hoa_Binh-2ta1474950t1cvn,18-03-2024-Hoa_Binh-2ta1474950t1cvn.json,processed,ok,True,1,0,0,1,1,3,20472,5244,25716,0,False
act,18-06-2025-Ninh_Binh-2ta1864907t1cvn,18-06-2025-Ninh_Binh-2ta1864907t1cvn.json,processed,ok,True,2,0,0,2,2,3,25829,5490,31319,0,False
act,18-07-2025-Nghe_An-2ta2048978t1cvn,18-07-2025-Nghe_An-2ta2048978t1cvn.json,processed,ok,True,1,0,0,1,1,3,19128,4641,23769,0,False
act,18-08-2025-Bac_Ninh-2ta1898097t1cvn,18-08-2025-Bac_Ninh-2ta1898097t1cvn.json,processed,ok,True,1,0,0,1,1,3,28176,6424,34600,0,False
act,18-08-2025-Phu_Tho-2ta1979793t1cvn,18-08-2025-Phu_Tho-2ta1979793t1cvn.json,processed,ok,True,1,0,0,1,1,4,35523,6538,42061,0,False
act,18-09-2025-Lang_Son-2ta1993084t1cvn,18-09-2025-Lang_Son-2ta1993084t1cvn.json,processed,ok,True,1,0,0,1,1,3,25753,5148,30901,0,False
act,18-11-2025-Lam_Dong-2ta2012026t1cvn,18-11-2025-Lam_Dong-2ta2012026t1cvn.json,processed,ok,True,2,0,0,2,2,3,25852,5318,31170,0,False
act,19-03-2024-Ho_Chi_Minh-2ta1604003t1cvn,19-03-2024-Ho_Chi_Minh-2ta1604003t1cvn.json,processed,ok,True,3,0,0,3,3,4,37135,7333,44468,0,False
act,19-03-2025-Ho_Chi_Minh-2ta1841757t1cvn,19-03-2025-Ho_Chi_Minh-2ta1841757t1cvn.json,processed,ok,True,7,0,0,7,7,3,32931,6973,39904,0,False
act,19-05-2025-Thai_Nguyen-2ta1949470t1cvn,19-05-2025-Thai_Nguyen-2ta1949470t1cvn.json,processed,ok,True,1,0,0,1,1,3,16139,4465,20604,0,False
act,19-05-2025-Tuyen_Quang-2ta1850047t1cvn,19-05-2025-Tuyen_Quang-2ta1850047t1cvn.json,processed,ok,True,1,0,0,1,1,3,25104,4619,29723,0,False
act,19-06-2025-Binh_Duong-2ta1854450t1cvn,19-06-2025-Binh_Duong-2ta1854450t1cvn.json,processed,ok,True,1,0,0,1,1,4,33431,6215,39646,0,False
act,19-06-2025-Son_La-2ta1854100t1cvn,19-06-2025-Son_La-2ta1854100t1cvn.json,processed,ok,True,2,0,0,2,2,3,31580,5488,37068,0,False
act,19-06-2025-Tay_Ninh-2ta1891588t1cvn,19-06-2025-Tay_Ninh-2ta1891588t1cvn.json,processed,ok,True,1,0,0,1,1,3,22865,4913,27778,0,False
act,19-08-2024-Ho_Chi_Minh-2ta1657190t1cvn,19-08-2024-Ho_Chi_Minh-2ta1657190t1cvn.json,processed,ok,True,2,0,0,2,2,3,23855,5795,29650,0,False
act,19-08-2025-Bac_Ninh-2ta1944480t1cvn,19-08-2025-Bac_Ninh-2ta1944480t1cvn.json,processed,ok,True,1,0,0,1,1,3,22088,4202,26290,0,False
act,19-11-2024-Quang_Tri-2ta1740390t1cvn,19-11-2024-Quang_Tri-2ta1740390t1cvn.json,processed,ok,True,3,0,0,3,3,3,28175,5970,34145,0,False
act,19-11-2025-Ho_Chi_Minh-2ta2079272t1cvn,19-11-2025-Ho_Chi_Minh-2ta2079272t1cvn.json,processed,ok,True,3,0,0,3,3,3,32080,5591,37671,0,False
act,20-01-2025-Bac_Ninh-2ta1738652t1cvn,20-01-2025-Bac_Ninh-2ta1738652t1cvn.json,processed,ok,True,1,0,0,1,1,3,24436,5437,29873,0,False
act,20-05-2024-Ha_Noi-2ta1493037t1cvn,20-05-2024-Ha_Noi-2ta1493037t1cvn.json,processed,ok,True,1,0,0,1,1,3,25425,4963,30388,0,False
act,20-05-2025-Ba_Ria_Vung_Tau-2ta1838148t1cvn,20-05-2025-Ba_Ria_Vung_Tau-2ta1838148t1cvn.json,processed,ok,True,1,0,0,1,1,3,22461,4650,27111,0,False
act,20-05-2025-Son_La-2ta1826649t1cvn,20-05-2025-Son_La-2ta1826649t1cvn.json,processed,ok,True,2,0,0,2,2,4,42008,8338,50346,0,False
act,20-06-2024-Bac_Giang-2ta1574024t1cvn,20-06-2024-Bac_Giang-2ta1574024t1cvn.json,processed,ok,True,1,0,0,1,1,3,20345,4674,25019,0,False
act,20-09-2025-An_Giang-2ta1917767t1cvn,20-09-2025-An_Giang-2ta1917767t1cvn.json,processed,ok,True,3,0,0,3,3,3,29200,5849,35049,0,False
act,20-09-2025-Dien_Bien-2ta1982098t1cvn,20-09-2025-Dien_Bien-2ta1982098t1cvn.json,processed,ok,True,1,0,0,1,1,3,24421,4367,30184,1,True
act,20-10-2025-An_Giang-2ta2034333t1cvn,20-10-2025-An_Giang-2ta2034333t1cvn.json,processed,ok,True,2,0,0,2,2,3,22025,5520,27545,0,False
act,20-11-2025-Lam_Dong-2ta2026259t1cvn,20-11-2025-Lam_Dong-2ta2026259t1cvn.json,processed,ok,True,1,0,0,1,1,3,27153,4906,32059,0,False
act,20-12-2024-Hai_Phong-2ta1833162t1cvn,20-12-2024-Hai_Phong-2ta1833162t1cvn.json,processed,ok,True,1,0,0,1,1,3,21570,4901,26471,0,False
act,21-02-2024-Hai_Phong-2ta1418269t1cvn,21-02-2024-Hai_Phong-2ta1418269t1cvn.json,processed,ok,True,2,0,0,2,2,3,22143,4659,26802,0,False
act,21-02-2025-An_Giang-2ta1973677t1cvn,21-02-2025-An_Giang-2ta1973677t1cvn.json,processed,ok,True,1,0,0,1,1,3,23683,4743,28426,0,False
act,21-02-2025-Ha_Tinh-2ta1867599t1cvn,21-02-2025-Ha_Tinh-2ta1867599t1cvn.json,processed,ok,True,1,0,0,1,1,3,21120,4859,25979,0,False
act,21-03-2025-Hai_Duong-2ta1788880t1cvn,21-03-2025-Hai_Duong-2ta1788880t1cvn.json,processed,ok,True,3,0,0,3,3,3,27633,5702,33335,0,False
act,21-08-2024-Ba_Ria_Vung_Tau-2ta1613282t1cvn,21-08-2024-Ba_Ria_Vung_Tau-2ta1613282t1cvn.json,processed,ok,True,1,0,0,1,1,3,23474,5338,28812,0,False
act,22-03-2024-An_Giang-2ta1638930t1cvn,22-03-2024-An_Giang-2ta1638930t1cvn.json,processed,ok,True,5,0,0,5,5,3,24197,6838,31035,0,False
act,22-03-2024-Ho_Chi_Minh-2ta1647097t1cvn,22-03-2024-Ho_Chi_Minh-2ta1647097t1cvn.json,processed,ok,True,1,0,0,1,1,3,28378,4371,32749,0,False
act,22-04-2024-Gia_Lai-2ta1526648t1cvn,22-04-2024-Gia_Lai-2ta1526648t1cvn.json,processed,ok,True,1,0,0,1,1,3,22220,4542,26762,0,False
act,22-04-2025-Dong_Nai-2ta1867248t1cvn,22-04-2025-Dong_Nai-2ta1867248t1cvn.json,processed,ok,True,1,0,0,1,1,3,24736,5231,29967,0,False
act,22-04-2025-Gia_Lai-2ta1972854t1cvn,22-04-2025-Gia_Lai-2ta1972854t1cvn.json,processed,ok,True,1,0,0,1,1,3,28527,4692,33219,0,False
act,22-07-2025-Ho_Chi_Minh-2ta1936709t1cvn,22-07-2025-Ho_Chi_Minh-2ta1936709t1cvn.json,processed,ok,True,4,0,0,4,4,3,26720,7039,33759,0,False
act,23-01-2025-Ha_Noi-2ta1867331t1cvn,23-01-2025-Ha_Noi-2ta1867331t1cvn.json,processed,ok,True,1,0,0,1,1,3,22416,5201,27617,0,False
act,23-01-2025-Hung_Yen-2ta1769729t1cvn,23-01-2025-Hung_Yen-2ta1769729t1cvn.json,processed,ok,True,2,0,0,2,2,3,17099,5148,22247,0,False
act,23-01-2025-Thai_Binh-2ta1733198t1cvn,23-01-2025-Thai_Binh-2ta1733198t1cvn.json,processed,ok,True,1,0,0,1,1,3,24399,4621,29020,0,False
act,23-04-2025-Ho_Chi_Minh-2ta1959237t1cvn,23-04-2025-Ho_Chi_Minh-2ta1959237t1cvn.json,processed,ok,True,1,0,0,1,1,3,27844,5441,33285,0,False
act,23-05-2024-Nam_Dinh-2ta1508192t1cvn,23-05-2024-Nam_Dinh-2ta1508192t1cvn.json,processed,ok,True,1,0,0,1,1,3,27928,4344,32272,0,False
act,23-05-2024-Quang_Ninh-2ta1524752t1cvn,23-05-2024-Quang_Ninh-2ta1524752t1cvn.json,processed,ok,True,4,0,0,4,4,3,34885,6082,40967,0,False
act,23-05-2025-Ho_Chi_Minh-2ta1973138t1cvn,23-05-2025-Ho_Chi_Minh-2ta1973138t1cvn.json,processed,ok,True,1,0,0,1,1,3,24619,4429,29048,0,False
act,23-06-2025-Lao_Cai-2ta1866137t1cvn,23-06-2025-Lao_Cai-2ta1866137t1cvn.json,processed,ok,True,1,0,0,1,1,3,24711,4687,29398,0,False
act,23-07-2025-Dien_Bien-2ta1880919t1cvn,23-07-2025-Dien_Bien-2ta1880919t1cvn.json,processed,ok,True,3,0,0,3,3,3,32724,5276,38000,0,False
act,23-08-2024-Thai_Binh-2ta1612148t1cvn,23-08-2024-Thai_Binh-2ta1612148t1cvn.json,processed,ok,True,7,0,0,7,7,3,28062,7604,35666,0,False
act,23-12-2024-An_Giang-2ta1917916t1cvn,23-12-2024-An_Giang-2ta1917916t1cvn.json,processed,ok,True,1,0,0,1,1,3,22539,4551,27090,0,False
act,24-01-2025-Khanh_Hoa-2ta1714281t1cvn,24-01-2025-Khanh_Hoa-2ta1714281t1cvn.json,processed,ok,True,1,0,0,1,1,3,23517,4816,28333,0,False
act,24-01-2025-Thanh_Hoa-2ta1775751t1cvn,24-01-2025-Thanh_Hoa-2ta1775751t1cvn.json,processed,ok,True,1,0,0,1,1,3,27077,5015,32092,0,False
act,24-03-2025-Can_Tho-2ta1851514t1cvn,24-03-2025-Can_Tho-2ta1851514t1cvn.json,processed,ok,True,1,0,0,1,1,3,24893,4522,29415,0,False
act,24-03-2025-Dien_Bien-2ta1800318t1cvn,24-03-2025-Dien_Bien-2ta1800318t1cvn.json,processed,ok,True,1,0,0,1,1,3,22171,4304,26475,0,False
act,24-05-2024-Da_Nang-2ta1504174t1cvn,24-05-2024-Da_Nang-2ta1504174t1cvn.json,processed,ok,True,1,0,0,1,1,3,25682,4814,30496,0,False
act,24-06-2025-Bac_Ninh-2ta1956848t1cvn,24-06-2025-Bac_Ninh-2ta1956848t1cvn.json,processed,ok,True,1,0,0,1,1,3,27617,4750,32367,0,False
act,24-06-2025-Son_La-2ta1858883t1cvn,24-06-2025-Son_La-2ta1858883t1cvn.json,processed,ok,True,2,0,0,2,2,3,31563,5547,37110,0,False
act,24-06-2025-Son_La-2ta1864510t1cvn,24-06-2025-Son_La-2ta1864510t1cvn.json,processed,ok,True,1,0,0,1,1,3,25881,4538,30419,0,False
act,24-07-2024-Ninh_Binh-2ta1558645t1cvn,24-07-2024-Ninh_Binh-2ta1558645t1cvn.json,processed,ok,True,1,0,0,1,1,3,26465,5578,32043,0,False
act,24-07-2025-An_Giang-2ta1941635t1cvn,24-07-2025-An_Giang-2ta1941635t1cvn.json,processed,ok,True,1,0,0,1,1,3,23662,4969,28631,0,False
act,24-07-2025-Ho_Chi_Minh-2ta1887832t1cvn,24-07-2025-Ho_Chi_Minh-2ta1887832t1cvn.json,processed,ok,True,5,0,0,5,5,3,32580,7744,40324,0,False
act,24-07-2025-Hung_Yen-2ta1875157t1cvn,24-07-2025-Hung_Yen-2ta1875157t1cvn.json,processed,ok,True,2,0,0,2,2,3,24178,5676,29854,0,False
act,24-09-2024-Dien_Bien-2ta1667513t1cvn,24-09-2024-Dien_Bien-2ta1667513t1cvn.json,processed,ok,True,1,0,0,1,1,3,29698,4209,33907,0,False
act,24-09-2024-Son_La-2ta1667472t1cvn,24-09-2024-Son_La-2ta1667472t1cvn.json,processed,ok,True,1,0,0,1,1,3,28722,4373,33095,0,False
act,24-12-2025-Ho_Chi_Minh-2ta2075090t1cvn,24-12-2025-Ho_Chi_Minh-2ta2075090t1cvn.json,processed,ok,True,1,0,0,1,1,3,27613,5322,32935,0,False
act,25-02-2025-Dien_Bien-2ta1748471t1cvn,25-02-2025-Dien_Bien-2ta1748471t1cvn.json,processed,ok,True,2,0,0,2,2,3,31610,5123,36733,0,False
act,25-02-2025-Hung_Yen-2ta1764446t1cvn,25-02-2025-Hung_Yen-2ta1764446t1cvn.json,processed,ok,True,1,0,0,1,1,3,24472,4952,29424,0,False
act,25-04-2025-Son_La-2ta1802492t1cvn,25-04-2025-Son_La-2ta1802492t1cvn.json,processed,ok,True,1,0,0,1,1,3,15913,4460,20373,0,False
act,25-08-2024-Hai_Phong-2ta1657210t1cvn,25-08-2024-Hai_Phong-2ta1657210t1cvn.json,processed,ok,True,1,0,0,1,1,3,24938,4506,29444,0,False
act,25-08-2025-Ho_Chi_Minh-2ta1991219t1cvn,25-08-2025-Ho_Chi_Minh-2ta1991219t1cvn.json,processed,ok,True,7,0,0,7,7,3,37163,7159,44322,0,False
act,25-09-2024-Dien_Bien-2ta1675572t1cvn,25-09-2024-Dien_Bien-2ta1675572t1cvn.json,processed,ok,True,1,0,0,1,1,3,26650,5196,31846,0,False
act,25-09-2025-Dien_Bien-2ta1982671t1cvn,25-09-2025-Dien_Bien-2ta1982671t1cvn.json,processed,ok,True,1,0,0,1,1,3,28220,4428,32648,0,False
act,25-11-2025-Hung_Yen-2ta2011482t1cvn,25-11-2025-Hung_Yen-2ta2011482t1cvn.json,processed,ok,True,1,0,0,1,1,3,17948,5327,23275,0,False
act,25-12-2024-Thanh_Hoa-2ta1716936t1cvn,25-12-2024-Thanh_Hoa-2ta1716936t1cvn.json,processed,ok,True,2,0,0,2,2,3,22233,5365,27598,0,False
act,26-02-2025-Lai_Chau-2ta1748216t1cvn,26-02-2025-Lai_Chau-2ta1748216t1cvn.json,processed,ok,True,1,0,0,1,1,3,24371,4729,29100,0,False
act,26-05-2025-Bac_Ninh-2ta1956390t1cvn,26-05-2025-Bac_Ninh-2ta1956390t1cvn.json,processed,ok,True,1,0,0,1,1,3,24287,4758,29045,0,False
act,26-05-2025-Da_Nang-2ta1936169t1cvn,26-05-2025-Da_Nang-2ta1936169t1cvn.json,processed,ok,True,1,0,0,1,1,3,25785,4768,30553,0,False
act,26-05-2025-Phu_Tho-2ta1852318t1cvn,26-05-2025-Phu_Tho-2ta1852318t1cvn.json,processed,ok,True,1,0,0,1,1,3,21064,5068,26132,0,False
act,26-06-2025-Khanh_Hoa-2ta1897155t1cvn,26-06-2025-Khanh_Hoa-2ta1897155t1cvn.json,processed,ok,True,1,0,0,1,1,3,25415,5061,30476,0,False
act,26-06-2025-Lai_Chau-2ta2005423t1cvn,26-06-2025-Lai_Chau-2ta2005423t1cvn.json,processed,ok,True,5,0,0,5,5,3,32473,7067,39540,0,False
act,26-08-2025-Da_Nang-2ta1962683t1cvn,26-08-2025-Da_Nang-2ta1962683t1cvn.json,processed,ok,True,1,0,0,1,1,3,26779,5662,32441,0,False
act,26-09-2024-Kon_Tum-2ta1676580t1cvn,26-09-2024-Kon_Tum-2ta1676580t1cvn.json,processed,ok,True,2,0,0,2,2,3,32352,5267,37619,0,False
act,26-12-2024-Quang_Nam-2ta1921187t1cvn,26-12-2024-Quang_Nam-2ta1921187t1cvn.json,processed,ok,True,1,0,0,1,1,3,26931,4985,31916,0,False
act,27-02-2024-Ho_Chi_Minh-2ta1655303t1cvn,27-02-2024-Ho_Chi_Minh-2ta1655303t1cvn.json,processed,ok,True,1,0,0,1,1,3,26375,4936,31311,0,False
act,27-02-2025-Khanh_Hoa-2ta1962876t1cvn,27-02-2025-Khanh_Hoa-2ta1962876t1cvn.json,processed,ok,True,1,0,0,1,1,3,23983,4736,28719,0,False
act,27-03-2025-Binh_Duong-2ta1791339t1cvn,27-03-2025-Binh_Duong-2ta1791339t1cvn.json,processed,ok,True,1,0,0,1,1,3,24375,4809,29184,0,False
act,27-03-2025-Binh_Duong-2ta1794110t1cvn,27-03-2025-Binh_Duong-2ta1794110t1cvn.json,processed,ok,True,1,0,0,1,1,3,23276,4167,27443,0,False
act,27-03-2025-Cao_Bang-2ta1955453t1cvn,27-03-2025-Cao_Bang-2ta1955453t1cvn.json,processed,ok,True,1,0,0,1,1,3,26354,4931,31285,0,False
act,27-03-2025-Hai_Phong-2ta1833131t1cvn,27-03-2025-Hai_Phong-2ta1833131t1cvn.json,processed,ok,True,6,0,0,6,6,3,35817,7151,42968,0,False
act,27-03-2025-Lai_Chau-2ta1911271t1cvn,27-03-2025-Lai_Chau-2ta1911271t1cvn.json,processed,ok,True,1,0,0,1,1,3,27739,4533,32272,0,False
act,27-05-2025-Ca_Mau-2ta1849385t1cvn,27-05-2025-Ca_Mau-2ta1849385t1cvn.json,processed,ok,True,1,0,0,1,1,3,28323,4859,33182,0,False
act,27-05-2025-Tra_Vinh-2ta1828715t1cvn,27-05-2025-Tra_Vinh-2ta1828715t1cvn.json,processed,ok,True,1,0,0,1,1,3,27409,5050,32459,0,False
act,27-06-2025-Ba_Ria_Vung_Tau-2ta1939164t1cvn,27-06-2025-Ba_Ria_Vung_Tau-2ta1939164t1cvn.json,processed,ok,True,1,0,0,1,1,3,27252,5082,32334,0,False
act,27-06-2025-Bac_Ninh-2ta1847235t1cvn,27-06-2025-Bac_Ninh-2ta1847235t1cvn.json,processed,ok,True,1,0,0,1,1,3,26093,5077,31170,0,False
act,27-06-2025-Ha_Tinh-2ta1949532t1cvn,27-06-2025-Ha_Tinh-2ta1949532t1cvn.json,processed,ok,True,5,0,0,5,5,4,51364,8684,60048,0,False
act,27-06-2025-Hai_Phong-2ta1867166t1cvn,27-06-2025-Hai_Phong-2ta1867166t1cvn.json,processed,ok,True,4,0,0,4,4,3,34745,6713,41458,0,False
act,27-07-2025-Thanh_Hoa-2ta1906655t1cvn,27-07-2025-Thanh_Hoa-2ta1906655t1cvn.json,processed,ok,True,1,0,0,1,1,3,24620,5067,29687,0,False
act,27-12-2024-Bac_Kan-2ta1712863t1cvn,27-12-2024-Bac_Kan-2ta1712863t1cvn.json,processed,ok,True,3,0,0,3,3,3,24343,5930,30273,0,False
act,28-02-2025-Bac_Ninh-2ta1805265t1cvn,28-02-2025-Bac_Ninh-2ta1805265t1cvn.json,processed,ok,True,3,0,0,3,3,3,33161,5746,38907,0,False
act,28-02-2025-Ho_Chi_Minh-2ta1813255t1cvn,28-02-2025-Ho_Chi_Minh-2ta1813255t1cvn.json,processed,ok,True,2,0,0,2,2,3,31419,5533,36952,0,False
act,28-03-2024-Son_La-2ta1468294t1cvn,28-03-2024-Son_La-2ta1468294t1cvn.json,processed,ok,True,1,0,0,1,1,3,24815,5140,29955,0,False
act,28-03-2025-Ha_Noi-2ta1949955t1cvn,28-03-2025-Ha_Noi-2ta1949955t1cvn.json,processed,ok,True,1,0,0,1,1,3,25803,4699,30502,0,False
act,28-03-2025-Phu_Tho-2ta1809128t1cvn,28-03-2025-Phu_Tho-2ta1809128t1cvn.json,processed,ok,True,1,0,0,1,1,4,34113,7904,42017,0,False
act,28-06-2024-Nam_Dinh-2ta1543376t1cvn,28-06-2024-Nam_Dinh-2ta1543376t1cvn.json,processed,ok,True,7,0,0,7,7,3,36225,7118,43343,0,False
act,28-08-2024-Lai_Chau-2ta1687995t1cvn,28-08-2024-Lai_Chau-2ta1687995t1cvn.json,processed,ok,True,2,0,0,2,2,3,27492,5122,32614,0,False
act,28-08-2025-Thai_Nguyen-2ta1953705t1cvn,28-08-2025-Thai_Nguyen-2ta1953705t1cvn.json,processed,ok,True,1,0,0,1,1,3,24056,4225,28281,0,False
act,29-01-2024-Cao_Bang-2ta1640024t1cvn,29-01-2024-Cao_Bang-2ta1640024t1cvn.json,processed,ok,True,1,0,0,1,1,3,21125,4887,26012,0,False
act,29-05-2025-Ha_Noi-2ta1928859t1cvn,29-05-2025-Ha_Noi-2ta1928859t1cvn.json,processed,ok,True,1,0,0,1,1,3,27075,5249,32324,0,False
act,29-07-2024-Binh_Thuan-2ta1628040t1cvn,29-07-2024-Binh_Thuan-2ta1628040t1cvn.json,processed,ok,True,1,0,0,1,1,4,34653,7356,42009,0,False
act,29-08-2025-Hung_Yen-2ta1949802t1cvn,29-08-2025-Hung_Yen-2ta1949802t1cvn.json,processed,ok,True,2,0,0,2,2,4,40879,7922,48801,0,False
act,29-08-2025-Lam_Dong-2ta1965044t1cvn,29-08-2025-Lam_Dong-2ta1965044t1cvn.json,processed,ok,True,3,0,0,3,3,3,32029,5710,37739,0,False
act,29-09-2025-Lam_Dong-2ta1986980t1cvn,29-09-2025-Lam_Dong-2ta1986980t1cvn.json,processed,ok,True,1,0,0,1,1,3,26718,5198,31916,0,False
act,29-11-2024-Dien_Bien-2ta1696125t1cvn,29-11-2024-Dien_Bien-2ta1696125t1cvn.json,processed,ok,True,1,0,0,1,1,3,27706,5018,32724,0,False
act,29-12-2025-Son_La-2ta2041735t1cvn,29-12-2025-Son_La-2ta2041735t1cvn.json,processed,ok,True,2,0,0,2,2,3,31393,6040,37433,0,False
act,30-01-2024-Son_La-2ta1414420t1cvn,30-01-2024-Son_La-2ta1414420t1cvn.json,processed,ok,True,3,0,0,3,3,3,29877,5800,35677,0,False
act,30-05-2025-Dong_Nai-2ta1972379t1cvn,30-05-2025-Dong_Nai-2ta1972379t1cvn.json,processed,ok,True,1,0,0,1,1,3,22162,5238,27400,0,False
act,30-06-2025-Hai_Phong-2ta1861021t1cvn,30-06-2025-Hai_Phong-2ta1861021t1cvn.json,processed,ok,True,2,0,0,2,2,3,30637,5291,35928,0,False
act,30-06-2025-Phu_Tho-2ta1846270t1cvn,30-06-2025-Phu_Tho-2ta1846270t1cvn.json,processed,ok,True,1,0,0,1,1,3,23947,5218,29165,0,False
act,30-07-2024-Hoa_Binh-2ta1610407t1cvn,30-07-2024-Hoa_Binh-2ta1610407t1cvn.json,processed,ok,True,3,0,0,3,3,3,27674,5493,33167,0,False
act,30-07-2025-Dong_Nai-2ta1972376t1cvn,30-07-2025-Dong_Nai-2ta1972376t1cvn.json,processed,ok,True,1,0,0,1,1,3,24954,5451,30405,0,False
act,30-07-2025-Ninh_Binh-2ta1930262t1cvn,30-07-2025-Ninh_Binh-2ta1930262t1cvn.json,processed,ok,True,1,0,0,1,1,3,25277,4891,30168,0,False
act,30-08-2024-Dien_Bien-2ta1659912t1cvn,30-08-2024-Dien_Bien-2ta1659912t1cvn.json,processed,ok,True,2,0,0,2,2,3,29456,4579,34035,0,False
act,30-08-2025-Bac_Ninh-2ta1944136t1cvn,30-08-2025-Bac_Ninh-2ta1944136t1cvn.json,processed,ok,True,1,0,0,1,1,3,25138,4745,29883,0,False
act,30-09-2024-Lao_Cai-2ta1674409t1cvn,30-09-2024-Lao_Cai-2ta1674409t1cvn.json,processed,ok,True,6,0,0,6,6,3,35996,6321,42317,0,False
act,30-09-2025-Quang_Ninh-2ta2012554t1cvn,30-09-2025-Quang_Ninh-2ta2012554t1cvn.json,processed,ok,True,3,0,0,3,3,3,34547,6241,40788,0,False
act,30-10-2024-Hai_Phong-2ta1833114t1cvn,30-10-2024-Hai_Phong-2ta1833114t1cvn.json,processed,ok,True,1,0,0,1,1,3,25832,4309,30141,0,False
act,30-10-2024-Tuyen_Quang-2ta1695466t1cvn,30-10-2024-Tuyen_Quang-2ta1695466t1cvn.json,processed,ok,True,1,0,0,1,1,3,30870,4457,35327,2,True
act,30-10-2025-An_Giang-2ta2034318t1cvn,30-10-2025-An_Giang-2ta2034318t1cvn.json,processed,ok,True,1,0,0,1,1,3,27981,4535,32516,0,False
act,30-12-2025-Ha_Noi-2ta2030054t1cvn,30-12-2025-Ha_Noi-2ta2030054t1cvn.json,processed,ok,True,1,0,0,1,1,3,27168,4850,32018,0,False
act,30-12-2025-Hai_Phong-2ta2050741t1cvn,30-12-2025-Hai_Phong-2ta2050741t1cvn.json,processed,ok,True,1,0,0,1,1,3,26593,4729,31322,0,False
act,30-12-2025-Tay_Ninh-2ta2045329t1cvn,30-12-2025-Tay_Ninh-2ta2045329t1cvn.json,processed,ok,True,1,0,0,1,1,3,27282,4756,32038,0,False
act,31-01-2024-Ha_Noi-2ta1609907t1cvn,31-01-2024-Ha_Noi-2ta1609907t1cvn.json,processed,ok,True,1,0,0,1,1,3,25473,4940,30413,0,False
act,31-03-2025-Vinh_Phuc-2ta1822026t1cvn,31-03-2025-Vinh_Phuc-2ta1822026t1cvn.json,processed,ok,True,1,0,0,1,1,3,27401,4673,32074,0,False
act,31-07-2025-Nghe_An-2ta1871671t1cvn,31-07-2025-Nghe_An-2ta1871671t1cvn.json,processed,ok,True,4,0,0,4,4,3,33255,5835,41760,2,True
act,31-10-2025-Nghe_An-2ta2000296t1cvn,31-10-2025-Nghe_An-2ta2000296t1cvn.json,processed,ok,True,1,0,0,1,1,3,26889,5362,33251,1,True
act,01-06-2023-Ben_Tre-2ta1278878t1cvn,01-06-2023-Ben_Tre-2ta1278878t1cvn.json,processed,ok,True,2,0,0,2,2,3,32300,5009,41237,3,True
act,01-06-2023-Hai_Phong-2ta1234569t1cvn,01-06-2023-Hai_Phong-2ta1234569t1cvn.json,processed,ok,True,2,0,0,2,2,3,29304,5451,38299,3,True
act,01-06-2023-Phu_Yen-2ta1227139t1cvn,01-06-2023-Phu_Yen-2ta1227139t1cvn.json,processed,ok,True,1,0,0,1,1,3,24265,4678,32346,3,True
act,02-03-2023-Ho_Chi_Minh-2ta1286873t1cvn,02-03-2023-Ho_Chi_Minh-2ta1286873t1cvn.json,processed,ok,True,1,0,0,1,1,3,25144,4452,33348,3,True
act,03-03-2023-Lao_Cai-2ta1164867t1cvn,03-03-2023-Lao_Cai-2ta1164867t1cvn.json,processed,ok,True,1,0,0,1,1,3,29030,3958,36759,3,True
act,03-04-2023-Ho_Chi_Minh-2ta1185213t1cvn,03-04-2023-Ho_Chi_Minh-2ta1185213t1cvn.json,processed,ok,True,2,0,0,2,2,3,26906,5164,34660,4,True
act,03-08-2023-Binh_Duong-2ta1326757t1cvn,03-08-2023-Binh_Duong-2ta1326757t1cvn.json,processed,ok,True,1,0,0,1,1,3,23842,4357,30345,4,True
act,03-08-2023-Ha_Tinh-2ta1274476t1cvn,03-08-2023-Ha_Tinh-2ta1274476t1cvn.json,processed,ok,True,1,0,0,1,1,3,23443,4494,31640,3,True
act,04-04-2023-Tra_Vinh-2ta1178224t1cvn,04-04-2023-Tra_Vinh-2ta1178224t1cvn.json,processed,ok,True,1,0,1,1,2,3,32702,5968,44230,3,True
act,05-05-2023-Long_An-2ta1203977t1cvn,05-05-2023-Long_An-2ta1203977t1cvn.json,processed,ok,True,1,0,0,1,1,3,30839,5224,40586,3,True
act,05-06-2023-Tien_Giang-2ta1306735t1cvn,05-06-2023-Tien_Giang-2ta1306735t1cvn.json,processed,ok,True,1,0,0,1,1,3,27917,5600,37391,3,True
act,06-02-2023-Ha_Noi-2ta1174726t1cvn,06-02-2023-Ha_Noi-2ta1174726t1cvn.json,processed,ok,True,1,0,0,1,1,3,28568,4692,36405,4,True
act,06-04-2023-Bac_Ninh-2ta1200828t1cvn,06-04-2023-Bac_Ninh-2ta1200828t1cvn.json,processed,ok,True,1,0,0,1,1,3,30261,4895,39205,3,True
act,06-04-2023-Dong_Nai-2ta1346752t1cvn,06-04-2023-Dong_Nai-2ta1346752t1cvn.json,processed,ok,True,1,0,0,1,1,3,24382,4973,33151,3,True
act,06-04-2023-Ho_Chi_Minh-2ta1307846t1cvn,06-04-2023-Ho_Chi_Minh-2ta1307846t1cvn.json,processed,ok,True,2,0,0,2,2,3,26079,5309,36000,3,True
act,06-06-2023-Lai_Chau-2ta1223846t1cvn,06-06-2023-Lai_Chau-2ta1223846t1cvn.json,processed,ok,True,1,0,0,1,1,3,15256,3713,22803,3,True
act,07-11-2023-Lao_Cai-2ta1375676t1cvn,07-11-2023-Lao_Cai-2ta1375676t1cvn.json,processed,ok,True,1,0,0,1,1,3,30874,5787,42145,3,True
act,08-06-2023-Ho_Chi_Minh-2ta1308047t1cvn,08-06-2023-Ho_Chi_Minh-2ta1308047t1cvn.json,processed,ok,True,1,0,0,1,1,3,24175,4827,32349,3,True
act,08-09-2023-Binh_Phuoc-2ta1349859t1cvn,08-09-2023-Binh_Phuoc-2ta1349859t1cvn.json,processed,ok,True,1,0,0,1,1,3,25866,4195,33871,3,True
act,08-09-2023-Dong_Nai-2ta1369203t1cvn,08-09-2023-Dong_Nai-2ta1369203t1cvn.json,processed,ok,True,2,0,0,2,2,4,42607,7007,56995,4,True
act,09-01-2023-Dien_Bien-2ta1123027t1cvn,09-01-2023-Dien_Bien-2ta1123027t1cvn.json,processed,ok,True,2,0,0,2,2,3,26435,4884,35659,3,True
act,09-01-2023-Hung_Yen-2ta1129313t1cvn,09-01-2023-Hung_Yen-2ta1129313t1cvn.json,processed,ok,True,1,0,0,1,1,3,28972,4112,36755,3,True
act,09-03-2023-Soc_Trang-2ta1165798t1cvn,09-03-2023-Soc_Trang-2ta1165798t1cvn.json,processed,ok,True,1,0,0,1,1,3,24095,4452,32597,3,True
act,09-05-2023-Tien_Giang-2ta1324115t1cvn,09-05-2023-Tien_Giang-2ta1324115t1cvn.json,processed,ok,True,1,0,0,1,1,3,23120,4078,31331,3,True
act,09-06-2023-Dong_Nai-2ta1225524t1cvn,09-06-2023-Dong_Nai-2ta1225524t1cvn.json,processed,ok,True,1,0,0,1,1,3,28959,4242,37290,3,True
act,09-11-2023-Quang_Ninh-2ta1633105t1cvn,09-11-2023-Quang_Ninh-2ta1633105t1cvn.json,processed,ok,True,1,0,0,1,1,3,26914,4965,35383,3,True
act,10-01-2023-Lao_Cai-2ta1122630t1cvn,10-01-2023-Lao_Cai-2ta1122630t1cvn.json,processed,ok,True,3,0,0,3,3,3,38196,5969,50664,3,True
act,10-02-2023-Dien_Bien-2ta1142799t1cvn,10-02-2023-Dien_Bien-2ta1142799t1cvn.json,processed,ok,True,1,0,0,1,1,3,28510,3792,35973,3,True
act,10-02-2023-Kien_Giang-2ta1253701t1cvn,10-02-2023-Kien_Giang-2ta1253701t1cvn.json,processed,ok,True,1,0,0,1,1,3,25818,5056,35841,3,True
act,10-08-2023-Binh_Dinh-2ta1286314t1cvn,10-08-2023-Binh_Dinh-2ta1286314t1cvn.json,processed,ok,True,2,0,0,2,2,3,26554,5724,37158,3,True
act,10-08-2023-Ca_Mau-2ta1347184t1cvn,10-08-2023-Ca_Mau-2ta1347184t1cvn.json,processed,ok,True,2,0,0,2,2,4,45684,6905,64183,4,True
act,11-05-2023-Kon_Tum-2ta1200767t1cvn,11-05-2023-Kon_Tum-2ta1200767t1cvn.json,processed,ok,True,1,0,0,1,1,3,24158,5240,33437,3,True
act,11-08-2023-Cao_Bang-2ta1333987t1cvn,11-08-2023-Cao_Bang-2ta1333987t1cvn.json,processed,ok,True,1,0,0,1,1,3,21795,4461,31020,3,True
act,11-09-2023-Ho_Chi_Minh-2ta1409566t1cvn,11-09-2023-Ho_Chi_Minh-2ta1409566t1cvn.json,processed,ok,True,1,0,0,1,1,3,26832,3834,34509,3,True
act,11-12-2023-Vinh_Phuc-2ta1468139t1cvn,11-12-2023-Vinh_Phuc-2ta1468139t1cvn.json,processed,ok,True,3,0,0,3,3,4,42759,8405,59307,4,True
act,12-09-2023-Binh_Thuan-2ta1352178t1cvn,12-09-2023-Binh_Thuan-2ta1352178t1cvn.json,processed,ok,True,2,0,0,2,2,3,29003,5494,38554,3,True
act,12-09-2023-Ca_Mau-2ta1353877t1cvn,12-09-2023-Ca_Mau-2ta1353877t1cvn.json,processed,ok,True,1,0,0,1,1,3,32543,4770,40784,3,True
act,12-12-2023-Binh_Phuoc-2ta1401448t1cvn,12-12-2023-Binh_Phuoc-2ta1401448t1cvn.json,processed,ok,True,1,0,0,1,1,3,29573,4368,38995,3,True
act,13-07-2023-Tra_Vinh-2ta1248914t1cvn,13-07-2023-Tra_Vinh-2ta1248914t1cvn.json,processed,ok,True,1,0,0,1,1,3,32505,5222,41633,3,True
act,14-03-2023-Yen_Bai-2ta1232102t1cvn,14-03-2023-Yen_Bai-2ta1232102t1cvn.json,processed,ok,True,1,0,0,1,1,3,26476,4907,35164,3,True
act,14-08-2023-Ha_Tinh-2ta1340360t1cvn,14-08-2023-Ha_Tinh-2ta1340360t1cvn.json,processed,ok,True,1,0,0,1,1,3,25242,4654,32215,4,True
act,14-09-2023-Ho_Chi_Minh-2ta1379747t1cvn,14-09-2023-Ho_Chi_Minh-2ta1379747t1cvn.json,processed,ok,True,1,0,0,1,1,3,26375,4939,34587,3,True
act,14-09-2023-Ho_Chi_Minh-2ta1452795t1cvn,14-09-2023-Ho_Chi_Minh-2ta1452795t1cvn.json,processed,ok,True,1,0,0,1,1,3,28487,5184,37536,3,True
act,14-12-2023-Thanh_Hoa-2ta1485650t1cvn,14-12-2023-Thanh_Hoa-2ta1485650t1cvn.json,processed,ok,True,1,0,0,1,1,3,25603,4785,34036,3,True
act,15-02-2023-Tra_Vinh-2ta1141690t1cvn,15-02-2023-Tra_Vinh-2ta1141690t1cvn.json,processed,ok,True,1,0,0,1,1,3,28237,5010,37235,3,True
act,15-05-2023-Phu_Tho-2ta1207059t1cvn,15-05-2023-Phu_Tho-2ta1207059t1cvn.json,processed,ok,True,1,0,0,1,1,3,23813,4262,35294,3,True
act,15-06-2023-Gia_Lai-2ta1224553t1cvn,15-06-2023-Gia_Lai-2ta1224553t1cvn.json,processed,ok,True,3,0,0,3,3,3,29308,5097,38953,3,True
act,15-08-2023-Phu_Tho-2ta1344328t1cvn,15-08-2023-Phu_Tho-2ta1344328t1cvn.json,processed,ok,True,1,0,0,1,1,3,22102,4177,29871,3,True
act,16-01-2023-Hai_Duong-2ta1122993t1cvn,16-01-2023-Hai_Duong-2ta1122993t1cvn.json,processed,ok,True,1,0,0,1,1,3,27138,5523,35809,3,True
act,16-02-2023-Cao_Bang-2ta1154664t1cvn,16-02-2023-Cao_Bang-2ta1154664t1cvn.json,processed,ok,True,1,0,0,1,1,3,25698,4652,33445,3,True
act,16-05-2023-Dien_Bien-2ta1206774t1cvn,16-05-2023-Dien_Bien-2ta1206774t1cvn.json,processed,ok,True,1,0,0,1,1,3,31803,4203,39393,3,True
act,16-05-2023-Tuyen_Quang-2ta1208249t1cvn,16-05-2023-Tuyen_Quang-2ta1208249t1cvn.json,processed,ok,True,1,0,0,1,1,3,28160,5312,37509,3,True
act,16-05-2023-Yen_Bai-2ta1219925t1cvn,16-05-2023-Yen_Bai-2ta1219925t1cvn.json,processed,ok,True,4,0,0,4,4,3,37080,6134,48003,3,True
act,16-08-2023-Ho_Chi_Minh-2ta1308612t1cvn,16-08-2023-Ho_Chi_Minh-2ta1308612t1cvn.json,processed,ok,True,6,0,0,6,6,3,41556,8273,53937,3,True
act,17-02-2023-Nghe_An-2ta1288865t1cvn,17-02-2023-Nghe_An-2ta1288865t1cvn.json,processed,ok,True,1,0,0,1,1,4,46910,6821,59444,4,True
act,18-05-2023-Ho_Chi_Minh-2ta1323548t1cvn,18-05-2023-Ho_Chi_Minh-2ta1323548t1cvn.json,processed,ok,True,3,0,0,3,3,3,27602,5636,36935,3,True
act,18-08-2023-Ho_Chi_Minh-2ta1656131t1cvn,18-08-2023-Ho_Chi_Minh-2ta1656131t1cvn.json,processed,ok,True,1,0,0,1,1,3,27467,4094,33791,4,True
act,18-12-2023-Dong_Nai-2ta1420758t1cvn,18-12-2023-Dong_Nai-2ta1420758t1cvn.json,processed,ok,True,1,0,0,1,1,3,31237,4598,40060,3,True
act,19-05-2023-Phu_Tho-2ta1207130t1cvn,19-05-2023-Phu_Tho-2ta1207130t1cvn.json,processed,ok,True,1,0,0,1,1,3,29546,4664,38600,3,True
act,19-10-2023-Thanh_Hoa-2ta1369315t1cvn,19-10-2023-Thanh_Hoa-2ta1369315t1cvn.json,processed,ok,True,4,0,0,4,4,4,53512,8031,67875,4,True
act,20-02-2023-Thai_Nguyen-2ta1218805t1cvn,20-02-2023-Thai_Nguyen-2ta1218805t1cvn.json,processed,ok,True,1,0,0,1,1,3,28622,4890,37321,3,True
act,20-04-2023-Hai_Phong-2ta1194806t1cvn,20-04-2023-Hai_Phong-2ta1194806t1cvn.json,processed,ok,True,2,0,0,2,2,3,26885,5709,37565,3,True
act,20-06-2023-Tra_Vinh-2ta1229118t1cvn,20-06-2023-Tra_Vinh-2ta1229118t1cvn.json,processed,ok,True,1,0,0,1,1,3,26345,4709,34461,3,True
act,20-08-2023-Hai_Phong-2ta1267973t1cvn,20-08-2023-Hai_Phong-2ta1267973t1cvn.json,processed,ok,True,1,1,1,2,2,3,27820,4722,36081,3,True
act,20-09-2023-Cao_Bang-2ta1380931t1cvn,20-09-2023-Cao_Bang-2ta1380931t1cvn.json,processed,ok,True,1,0,0,1,1,3,23388,4014,36405,3,True
act,20-12-2023-Thai_Nguyen-2ta1566099t1cvn,20-12-2023-Thai_Nguyen-2ta1566099t1cvn.json,processed,ok,True,2,0,0,2,2,3,30923,4828,40225,3,True
act,21-02-2023-Lam_Dong-2ta1156993t1cvn,21-02-2023-Lam_Dong-2ta1156993t1cvn.json,processed,ok,True,2,0,0,2,2,3,34192,4996,43267,3,True
act,21-03-2023-Cao_Bang-2ta1192180t1cvn,21-03-2023-Cao_Bang-2ta1192180t1cvn.json,processed,ok,True,1,0,0,1,1,3,22187,4208,29427,3,True
act,21-03-2023-Cao_Bang-2ta1203222t1cvn,21-03-2023-Cao_Bang-2ta1203222t1cvn.json,processed,ok,True,3,0,0,3,3,3,23648,6362,34472,3,True
act,21-04-2023-Cao_Bang-2ta1196520t1cvn,21-04-2023-Cao_Bang-2ta1196520t1cvn.json,processed,ok,True,1,0,0,1,1,3,27890,4785,36834,3,True
act,21-07-2023-Ho_Chi_Minh-2ta1662061t1cvn,21-07-2023-Ho_Chi_Minh-2ta1662061t1cvn.json,processed,ok,True,1,0,0,1,1,3,25585,4760,33914,3,True
act,21-09-2023-Phu_Yen-2ta1359677t1cvn,21-09-2023-Phu_Yen-2ta1359677t1cvn.json,processed,ok,True,1,0,0,1,1,3,25900,5322,34764,3,True
act,21-12-2023-Bac_Ninh-2ta1430512t1cvn,21-12-2023-Bac_Ninh-2ta1430512t1cvn.json,processed,ok,True,4,0,0,4,4,3,32314,6412,43050,3,True
act,21-12-2023-Bac_Ninh-2ta1431949t1cvn,21-12-2023-Bac_Ninh-2ta1431949t1cvn.json,processed,ok,True,1,0,0,1,1,3,26002,4786,34022,3,True
act,22-03-2023-Dien_Bien-2ta1176109t1cvn,22-03-2023-Dien_Bien-2ta1176109t1cvn.json,processed,ok,True,2,0,0,2,2,3,30928,4753,41414,3,True
act,22-03-2023-Kien_Giang-2ta1340382t1cvn,22-03-2023-Kien_Giang-2ta1340382t1cvn.json,processed,ok,True,1,0,0,1,1,3,27778,4733,35788,3,True
act,22-08-2023-Cao_Bang-2ta1309416t1cvn,22-08-2023-Cao_Bang-2ta1309416t1cvn.json,processed,ok,True,2,0,0,2,2,3,24334,4807,33508,3,True
act,22-08-2023-Dak_Nong-2ta1321556t1cvn,22-08-2023-Dak_Nong-2ta1321556t1cvn.json,processed,ok,True,1,0,0,1,1,3,27164,5412,37331,3,True
act,22-08-2023-Lam_Dong-2ta1358116t1cvn,22-08-2023-Lam_Dong-2ta1358116t1cvn.json,processed,ok,True,1,0,0,1,1,3,26933,4124,35017,3,True
act,22-12-2023-Ho_Chi_Minh-2ta1657408t1cvn,22-12-2023-Ho_Chi_Minh-2ta1657408t1cvn.json,processed,ok,True,1,0,0,1,1,3,26282,5069,35157,3,True
act,23-03-2023-Gia_Lai-2ta1174733t1cvn,23-03-2023-Gia_Lai-2ta1174733t1cvn.json,processed,ok,True,4,0,0,4,4,3,30744,6848,41580,3,True
act,23-03-2023-Nghe_An-2ta1244636t1cvn,23-03-2023-Nghe_An-2ta1244636t1cvn.json,processed,ok,True,1,0,0,1,1,3,28914,4778,37164,3,True
act,23-03-2023-Quang_Tri-2ta1195452t1cvn,23-03-2023-Quang_Tri-2ta1195452t1cvn.json,processed,ok,True,4,0,0,4,4,3,34963,5666,46266,3,True
act,23-06-2023-Hau_Giang-2ta1292151t1cvn,23-06-2023-Hau_Giang-2ta1292151t1cvn.json,processed,ok,True,1,0,0,1,1,3,26437,4903,33688,4,True
act,24-05-2023-Bac_Kan-2ta1221175t1cvn,24-05-2023-Bac_Kan-2ta1221175t1cvn.json,processed,ok,True,1,0,0,1,1,3,31511,4253,39585,3,True
act,24-11-2023-Quang_Ninh-2ta1417966t1cvn,24-11-2023-Quang_Ninh-2ta1417966t1cvn.json,processed,ok,True,2,0,0,2,2,3,36787,5814,49783,3,True
act,25-04-2023-Dien_Bien-2ta1199719t1cvn,25-04-2023-Dien_Bien-2ta1199719t1cvn.json,processed,ok,True,1,0,0,1,1,3,27770,4078,36002,3,True
act,25-07-2023-Ho_Chi_Minh-2ta1323643t1cvn,25-07-2023-Ho_Chi_Minh-2ta1323643t1cvn.json,processed,ok,True,1,0,0,1,1,3,31762,5247,41212,3,True
act,25-07-2023-Ho_Chi_Minh-2ta1328212t1cvn,25-07-2023-Ho_Chi_Minh-2ta1328212t1cvn.json,processed,ok,True,1,0,0,1,1,3,27476,5610,37761,3,True
act,25-09-2023-Lai_Chau-2ta1447709t1cvn,25-09-2023-Lai_Chau-2ta1447709t1cvn.json,processed,ok,True,2,0,0,2,2,3,26462,5995,36939,3,True
act,25-12-2023-Binh_Duong-2ta1402945t1cvn,25-12-2023-Binh_Duong-2ta1402945t1cvn.json,processed,ok,True,1,0,0,1,1,3,25250,4171,32953,3,True
act,26-07-2023-Dong_Nai-2ta1354977t1cvn,26-07-2023-Dong_Nai-2ta1354977t1cvn.json,processed,ok,True,1,0,0,1,1,3,25347,3952,32840,3,True
act,27-06-2023-Hai_Phong-2ta1332384t1cvn,27-06-2023-Hai_Phong-2ta1332384t1cvn.json,processed,ok,True,1,0,0,1,1,3,33090,5190,41059,2,True
act,27-07-2023-Hai_Phong-2ta1270586t1cvn,27-07-2023-Hai_Phong-2ta1270586t1cvn.json,processed,ok,True,3,0,0,3,3,3,34584,5978,42058,1,True
act,27-07-2023-Phu_Yen-2ta1270483t1cvn,27-07-2023-Phu_Yen-2ta1270483t1cvn.json,processed,ok,True,1,0,0,1,1,3,27274,4650,31924,0,False
act,27-09-2023-Dien_Bien-2ta1365386t1cvn,27-09-2023-Dien_Bien-2ta1365386t1cvn.json,processed,ok,True,1,0,0,1,1,3,28589,4158,32747,0,False
act,28-07-2023-Son_La-2ta1262331t1cvn,28-07-2023-Son_La-2ta1262331t1cvn.json,processed,ok,True,2,0,0,2,2,3,36563,6198,42761,0,False
act,28-08-2023-Nghe_An-2ta1302840t1cvn,28-08-2023-Nghe_An-2ta1302840t1cvn.json,processed,ok,True,2,0,0,2,2,3,34733,5889,43452,2,True
act,28-11-2023-Phu_Tho-2ta1414574t1cvn,28-11-2023-Phu_Tho-2ta1414574t1cvn.json,processed,ok,True,2,0,0,2,2,3,33847,5295,40847,1,True
act,28-12-2023-Thai_Nguyen-2ta1613530t1cvn,28-12-2023-Thai_Nguyen-2ta1613530t1cvn.json,processed,ok,True,1,0,0,1,1,3,27957,5730,35118,1,True
act,29-08-2023-Quang_Binh-2ta1355582t1cvn,29-08-2023-Quang_Binh-2ta1355582t1cvn.json,processed,ok,True,1,0,0,1,1,3,26159,4630,33507,2,True
act,29-08-2023-Tay_Ninh-2ta1495422t1cvn,29-08-2023-Tay_Ninh-2ta1495422t1cvn.json,processed,ok,True,2,0,0,2,2,3,32956,5255,39159,1,True
act,29-09-2023-Hai_Phong-2ta1370718t1cvn,29-09-2023-Hai_Phong-2ta1370718t1cvn.json,processed,ok,True,4,0,0,4,4,3,30410,6617,38444,1,True
act,29-09-2023-Hai_Phong-2ta1371304t1cvn,29-09-2023-Hai_Phong-2ta1371304t1cvn.json,processed,ok,True,3,0,0,3,3,3,27928,6870,37660,2,True
act,29-12-2023-Cao_Bang-2ta1406323t1cvn,29-12-2023-Cao_Bang-2ta1406323t1cvn.json,processed,ok,True,2,0,0,2,2,3,21827,6120,29496,1,True
act,30-03-2023-Ho_Chi_Minh-2ta1255219t1cvn,30-03-2023-Ho_Chi_Minh-2ta1255219t1cvn.json,processed,ok,True,1,0,0,1,1,3,26406,4936,31342,0,False
act,30-08-2023-Binh_Dinh-2ta1346725t1cvn,30-08-2023-Binh_Dinh-2ta1346725t1cvn.json,processed,ok,True,1,0,0,1,1,3,29962,5238,38320,2,True
act,30-08-2023-Dong_Nai-2ta1349571t1cvn,30-08-2023-Dong_Nai-2ta1349571t1cvn.json,processed,ok,True,1,0,0,1,1,3,26415,5114,31529,0,False
act,30-11-2023-Bac_Ninh-2ta1472399t1cvn,30-11-2023-Bac_Ninh-2ta1472399t1cvn.json,processed,ok,True,1,0,0,1,1,3,29559,4290,35128,1,True
act,31-07-2023-Hung_Yen-2ta1274814t1cvn,31-07-2023-Hung_Yen-2ta1274814t1cvn.json,processed,ok,True,1,0,0,1,1,3,29346,3651,34105,1,True
act,31-07-2023-Nghe_An-2ta1304374t1cvn,31-07-2023-Nghe_An-2ta1304374t1cvn.json,processed,ok,True,1,0,0,1,1,3,25422,4820,31872,1,True
act,31-07-2023-Soc_Trang-2ta1346448t1cvn,31-07-2023-Soc_Trang-2ta1346448t1cvn.json,processed,ok,True,1,0,0,1,1,3,28050,5018,34391,1,True
act,31-08-2023-Ho_Chi_Minh-2ta1655493t1cvn,31-08-2023-Ho_Chi_Minh-2ta1655493t1cvn.json,processed,ok,True,2,0,0,2,2,3,25925,4745,32983,2,True
one_call,01-06-2023-Ben_Tre-2ta1278878t1cvn,01-06-2023-Ben_Tre-2ta1278878t1cvn.json,processed,ok,True,2,0,0,2,2,1,2475,981,3456,0,False
one_call,01-06-2023-Hai_Phong-2ta1234569t1cvn,01-06-2023-Hai_Phong-2ta1234569t1cvn.json,processed,ok,True,2,0,0,2,2,1,2144,943,3087,0,False
one_call,01-06-2023-Phu_Yen-2ta1227139t1cvn,01-06-2023-Phu_Yen-2ta1227139t1cvn.json,processed,ok,True,1,0,0,1,1,1,1510,521,2031,0,False
one_call,02-03-2023-Ho_Chi_Minh-2ta1286873t1cvn,02-03-2023-Ho_Chi_Minh-2ta1286873t1cvn.json,processed,ok,True,1,0,0,1,1,1,1537,536,2073,0,False
one_call,03-03-2023-Lao_Cai-2ta1164867t1cvn,03-03-2023-Lao_Cai-2ta1164867t1cvn.json,processed,ok,True,1,0,0,1,1,1,1546,505,2051,0,False
one_call,03-04-2023-Ho_Chi_Minh-2ta1185213t1cvn,03-04-2023-Ho_Chi_Minh-2ta1185213t1cvn.json,processed,ok,True,2,0,0,2,2,1,2018,904,2922,0,False
one_call,03-08-2023-Binh_Duong-2ta1326757t1cvn,03-08-2023-Binh_Duong-2ta1326757t1cvn.json,processed,ok,True,1,0,0,1,1,1,1446,505,1951,0,False
one_call,03-08-2023-Ha_Tinh-2ta1274476t1cvn,03-08-2023-Ha_Tinh-2ta1274476t1cvn.json,processed,ok,True,1,0,0,1,1,1,1561,582,2143,0,False
one_call,04-04-2023-Tra_Vinh-2ta1178224t1cvn,04-04-2023-Tra_Vinh-2ta1178224t1cvn.json,processed,ok,True,1,0,0,1,1,1,2035,658,2693,0,False
one_call,05-05-2023-Long_An-2ta1203977t1cvn,05-05-2023-Long_An-2ta1203977t1cvn.json,processed,ok,True,1,0,0,1,1,1,1506,635,3465,1,True
one_call,05-06-2023-Tien_Giang-2ta1306735t1cvn,05-06-2023-Tien_Giang-2ta1306735t1cvn.json,processed,ok,True,1,0,0,1,1,1,1626,621,2247,0,False
one_call,06-02-2023-Ha_Noi-2ta1174726t1cvn,06-02-2023-Ha_Noi-2ta1174726t1cvn.json,processed,ok,True,1,0,0,1,1,1,1503,633,2136,0,False
one_call,06-04-2023-Bac_Ninh-2ta1200828t1cvn,06-04-2023-Bac_Ninh-2ta1200828t1cvn.json,processed,ok,True,1,0,0,1,1,1,1621,565,2186,0,False
one_call,06-04-2023-Dong_Nai-2ta1346752t1cvn,06-04-2023-Dong_Nai-2ta1346752t1cvn.json,processed,ok,True,1,0,0,1,1,1,1381,572,1953,0,False
one_call,06-04-2023-Ho_Chi_Minh-2ta1307846t1cvn,06-04-2023-Ho_Chi_Minh-2ta1307846t1cvn.json,processed,ok,True,2,0,0,2,2,1,2379,901,3280,0,False
one_call,06-06-2023-Lai_Chau-2ta1223846t1cvn,06-06-2023-Lai_Chau-2ta1223846t1cvn.json,processed,ok,True,1,0,0,1,1,1,1182,190,1372,0,False
one_call,07-11-2023-Lao_Cai-2ta1375676t1cvn,07-11-2023-Lao_Cai-2ta1375676t1cvn.json,processed,ok,True,1,0,0,1,1,1,1549,730,2279,0,False
one_call,08-06-2023-Ho_Chi_Minh-2ta1308047t1cvn,08-06-2023-Ho_Chi_Minh-2ta1308047t1cvn.json,processed,ok,True,1,0,0,1,1,1,1570,735,2305,0,False
one_call,08-09-2023-Binh_Phuoc-2ta1349859t1cvn,08-09-2023-Binh_Phuoc-2ta1349859t1cvn.json,processed,ok,True,1,0,0,1,1,1,1692,651,2343,0,False
one_call,08-09-2023-Dong_Nai-2ta1369203t1cvn,08-09-2023-Dong_Nai-2ta1369203t1cvn.json,processed,ok,True,2,0,0,2,2,1,2359,956,3315,0,False
one_call,09-01-2023-Dien_Bien-2ta1123027t1cvn,09-01-2023-Dien_Bien-2ta1123027t1cvn.json,processed,ok,True,2,0,0,2,2,1,1861,964,2825,0,False
one_call,09-01-2023-Hung_Yen-2ta1129313t1cvn,09-01-2023-Hung_Yen-2ta1129313t1cvn.json,processed,ok,True,1,0,0,1,1,1,1469,547,2016,0,False
one_call,09-03-2023-Soc_Trang-2ta1165798t1cvn,09-03-2023-Soc_Trang-2ta1165798t1cvn.json,processed,ok,True,1,0,0,1,1,1,1340,654,1994,0,False
one_call,09-05-2023-Tien_Giang-2ta1324115t1cvn,09-05-2023-Tien_Giang-2ta1324115t1cvn.json,processed,ok,True,1,0,0,1,1,1,1551,442,1993,0,False
one_call,09-06-2023-Dong_Nai-2ta1225524t1cvn,09-06-2023-Dong_Nai-2ta1225524t1cvn.json,processed,ok,True,1,0,0,1,1,1,1432,498,1930,0,False
one_call,09-11-2023-Quang_Ninh-2ta1633105t1cvn,09-11-2023-Quang_Ninh-2ta1633105t1cvn.json,processed,ok,True,1,0,0,1,1,1,1533,766,2299,0,False
one_call,10-01-2023-Lao_Cai-2ta1122630t1cvn,10-01-2023-Lao_Cai-2ta1122630t1cvn.json,processed,ok,True,3,0,0,3,3,1,2940,1300,4240,0,False
one_call,10-02-2023-Dien_Bien-2ta1142799t1cvn,10-02-2023-Dien_Bien-2ta1142799t1cvn.json,processed,ok,True,1,0,0,1,1,1,1460,425,1885,0,False
one_call,10-02-2023-Kien_Giang-2ta1253701t1cvn,10-02-2023-Kien_Giang-2ta1253701t1cvn.json,processed,ok,True,1,0,0,1,1,1,1739,594,2333,0,False
one_call,10-08-2023-Binh_Dinh-2ta1286314t1cvn,10-08-2023-Binh_Dinh-2ta1286314t1cvn.json,processed,ok,True,2,0,0,2,2,1,2145,996,3141,0,False
one_call,10-08-2023-Ca_Mau-2ta1347184t1cvn,10-08-2023-Ca_Mau-2ta1347184t1cvn.json,processed,ok,True,2,0,0,2,2,1,2144,844,2988,0,False
one_call,11-05-2023-Kon_Tum-2ta1200767t1cvn,11-05-2023-Kon_Tum-2ta1200767t1cvn.json,processed,ok,True,1,0,0,1,1,1,1432,542,1974,0,False
one_call,11-08-2023-Cao_Bang-2ta1333987t1cvn,11-08-2023-Cao_Bang-2ta1333987t1cvn.json,processed,ok,True,1,0,0,1,1,1,1492,453,1945,0,False
one_call,11-09-2023-Ho_Chi_Minh-2ta1409566t1cvn,11-09-2023-Ho_Chi_Minh-2ta1409566t1cvn.json,processed,ok,True,1,0,0,1,1,1,1619,608,2227,0,False
one_call,11-12-2023-Vinh_Phuc-2ta1468139t1cvn,11-12-2023-Vinh_Phuc-2ta1468139t1cvn.json,processed,ok,True,3,0,0,3,3,1,3023,1534,4557,0,False
one_call,12-09-2023-Binh_Thuan-2ta1352178t1cvn,12-09-2023-Binh_Thuan-2ta1352178t1cvn.json,processed,ok,True,2,0,0,2,2,1,2237,972,3209,0,False
one_call,12-09-2023-Ca_Mau-2ta1353877t1cvn,12-09-2023-Ca_Mau-2ta1353877t1cvn.json,processed,ok,True,1,0,0,1,1,1,1919,571,2490,0,False
one_call,12-12-2023-Binh_Phuoc-2ta1401448t1cvn,12-12-2023-Binh_Phuoc-2ta1401448t1cvn.json,processed,ok,True,1,0,0,1,1,1,1626,438,2064,0,False
one_call,13-07-2023-Tra_Vinh-2ta1248914t1cvn,13-07-2023-Tra_Vinh-2ta1248914t1cvn.json,processed,ok,True,1,0,0,1,1,1,1727,710,2437,0,False
one_call,14-03-2023-Yen_Bai-2ta1232102t1cvn,14-03-2023-Yen_Bai-2ta1232102t1cvn.json,processed,ok,True,1,0,0,1,1,1,1554,631,2185,0,False
one_call,14-08-2023-Ha_Tinh-2ta1340360t1cvn,14-08-2023-Ha_Tinh-2ta1340360t1cvn.json,processed,ok,True,1,0,0,1,1,1,1504,714,2218,0,False
one_call,14-09-2023-Ho_Chi_Minh-2ta1379747t1cvn,14-09-2023-Ho_Chi_Minh-2ta1379747t1cvn.json,processed,ok,True,1,0,0,1,1,1,1634,714,2348,0,False
one_call,14-09-2023-Ho_Chi_Minh-2ta1452795t1cvn,14-09-2023-Ho_Chi_Minh-2ta1452795t1cvn.json,processed,ok,True,1,0,0,1,1,1,1479,449,1928,0,False
one_call,14-12-2023-Thanh_Hoa-2ta1485650t1cvn,14-12-2023-Thanh_Hoa-2ta1485650t1cvn.json,processed,ok,True,1,0,0,1,1,1,1678,613,2291,0,False
one_call,15-02-2023-Tra_Vinh-2ta1141690t1cvn,15-02-2023-Tra_Vinh-2ta1141690t1cvn.json,processed,ok,True,1,0,0,1,1,1,1558,645,2203,0,False
one_call,15-05-2023-Phu_Tho-2ta1207059t1cvn,15-05-2023-Phu_Tho-2ta1207059t1cvn.json,processed,ok,True,1,0,0,1,1,1,1583,452,2035,0,False
one_call,15-06-2023-Gia_Lai-2ta1224553t1cvn,15-06-2023-Gia_Lai-2ta1224553t1cvn.json,processed,ok,True,3,0,0,3,3,1,2129,1327,3456,0,False
one_call,15-08-2023-Phu_Tho-2ta1344328t1cvn,15-08-2023-Phu_Tho-2ta1344328t1cvn.json,processed,ok,True,1,0,0,1,1,1,1489,448,1937,0,False
one_call,16-01-2023-Hai_Duong-2ta1122993t1cvn,16-01-2023-Hai_Duong-2ta1122993t1cvn.json,processed,ok,True,1,0,0,1,1,1,1779,612,2391,0,False
one_call,16-02-2023-Cao_Bang-2ta1154664t1cvn,16-02-2023-Cao_Bang-2ta1154664t1cvn.json,processed,ok,True,1,0,0,1,1,1,1516,558,2074,0,False
one_call,16-05-2023-Dien_Bien-2ta1206774t1cvn,16-05-2023-Dien_Bien-2ta1206774t1cvn.json,processed,ok,True,1,0,0,1,1,1,1718,583,2301,0,False
one_call,16-05-2023-Tuyen_Quang-2ta1208249t1cvn,16-05-2023-Tuyen_Quang-2ta1208249t1cvn.json,processed,ok,True,1,0,0,1,1,1,1594,580,2174,0,False
one_call,16-05-2023-Yen_Bai-2ta1219925t1cvn,16-05-2023-Yen_Bai-2ta1219925t1cvn.json,processed,ok,True,4,0,0,4,4,1,3672,1746,5418,0,False
one_call,16-08-2023-Ho_Chi_Minh-2ta1308612t1cvn,16-08-2023-Ho_Chi_Minh-2ta1308612t1cvn.json,processed,ok,True,6,0,0,6,6,1,4571,2337,6908,0,False
one_call,17-02-2023-Nghe_An-2ta1288865t1cvn,17-02-2023-Nghe_An-2ta1288865t1cvn.json,processed,ok,True,1,0,0,1,1,1,1862,692,2554,0,False
one_call,18-05-2023-Ho_Chi_Minh-2ta1323548t1cvn,18-05-2023-Ho_Chi_Minh-2ta1323548t1cvn.json,processed,ok,True,3,0,0,3,3,1,2838,1258,4096,0,False
one_call,18-08-2023-Ho_Chi_Minh-2ta1656131t1cvn,18-08-2023-Ho_Chi_Minh-2ta1656131t1cvn.json,processed,ok,True,1,0,0,1,1,1,1491,465,1956,0,False
one_call,18-12-2023-Dong_Nai-2ta1420758t1cvn,18-12-2023-Dong_Nai-2ta1420758t1cvn.json,processed,ok,True,1,0,0,1,1,1,1799,862,2661,0,False
one_call,19-05-2023-Phu_Tho-2ta1207130t1cvn,19-05-2023-Phu_Tho-2ta1207130t1cvn.json,processed,ok,True,1,0,0,1,1,1,1595,575,2170,0,False
one_call,19-10-2023-Thanh_Hoa-2ta1369315t1cvn,19-10-2023-Thanh_Hoa-2ta1369315t1cvn.json,processed,ok,True,4,0,0,4,4,1,3690,1656,5346,0,False
one_call,20-02-2023-Thai_Nguyen-2ta1218805t1cvn,20-02-2023-Thai_Nguyen-2ta1218805t1cvn.json,processed,ok,True,1,0,0,1,1,1,1504,655,2159,0,False
one_call,20-04-2023-Hai_Phong-2ta1194806t1cvn,20-04-2023-Hai_Phong-2ta1194806t1cvn.json,processed,ok,True,2,0,0,2,2,1,2454,1058,3512,0,False
one_call,20-06-2023-Tra_Vinh-2ta1229118t1cvn,20-06-2023-Tra_Vinh-2ta1229118t1cvn.json,processed,ok,True,1,0,0,1,1,1,1527,498,2025,0,False
one_call,20-08-2023-Hai_Phong-2ta1267973t1cvn,20-08-2023-Hai_Phong-2ta1267973t1cvn.json,processed,ok,True,2,0,0,2,2,1,2016,898,2914,0,False
one_call,20-09-2023-Cao_Bang-2ta1380931t1cvn,20-09-2023-Cao_Bang-2ta1380931t1cvn.json,processed,ok,True,1,0,0,1,1,1,1628,475,2103,0,False
one_call,20-12-2023-Thai_Nguyen-2ta1566099t1cvn,20-12-2023-Thai_Nguyen-2ta1566099t1cvn.json,processed,ok,True,2,0,0,2,2,1,2182,877,3059,0,False
one_call,21-02-2023-Lam_Dong-2ta1156993t1cvn,21-02-2023-Lam_Dong-2ta1156993t1cvn.json,processed,ok,True,2,0,0,2,2,1,2574,985,3559,0,False
one_call,21-03-2023-Cao_Bang-2ta1192180t1cvn,21-03-2023-Cao_Bang-2ta1192180t1cvn.json,processed,ok,True,1,0,0,1,1,1,1543,483,2026,0,False
one_call,21-03-2023-Cao_Bang-2ta1203222t1cvn,21-03-2023-Cao_Bang-2ta1203222t1cvn.json,processed,ok,True,3,0,0,3,3,1,2851,1515,4366,0,False
one_call,21-04-2023-Cao_Bang-2ta1196520t1cvn,21-04-2023-Cao_Bang-2ta1196520t1cvn.json,processed,ok,True,1,0,0,1,1,1,1680,532,2212,0,False
one_call,21-07-2023-Ho_Chi_Minh-2ta1662061t1cvn,21-07-2023-Ho_Chi_Minh-2ta1662061t1cvn.json,processed,ok,True,1,0,0,1,1,1,1379,579,1958,0,False
one_call,21-09-2023-Phu_Yen-2ta1359677t1cvn,21-09-2023-Phu_Yen-2ta1359677t1cvn.json,processed,ok,True,1,0,0,1,1,1,1491,614,2105,0,False
one_call,21-12-2023-Bac_Ninh-2ta1430512t1cvn,21-12-2023-Bac_Ninh-2ta1430512t1cvn.json,processed,ok,True,4,0,0,4,4,1,3047,1669,4716,0,False
one_call,21-12-2023-Bac_Ninh-2ta1431949t1cvn,21-12-2023-Bac_Ninh-2ta1431949t1cvn.json,processed,ok,True,1,0,0,1,1,1,1483,569,2052,0,False
one_call,22-03-2023-Dien_Bien-2ta1176109t1cvn,22-03-2023-Dien_Bien-2ta1176109t1cvn.json,processed,ok,True,2,0,0,2,2,1,2246,808,3054,0,False
one_call,22-03-2023-Kien_Giang-2ta1340382t1cvn,22-03-2023-Kien_Giang-2ta1340382t1cvn.json,processed,ok,True,1,0,0,1,1,1,1542,489,2031,0,False
one_call,22-08-2023-Cao_Bang-2ta1309416t1cvn,22-08-2023-Cao_Bang-2ta1309416t1cvn.json,processed,ok,True,2,0,0,2,2,1,2197,836,3033,0,False
one_call,22-08-2023-Dak_Nong-2ta1321556t1cvn,22-08-2023-Dak_Nong-2ta1321556t1cvn.json,processed,ok,True,1,0,0,1,1,1,1462,707,2169,0,False
one_call,22-08-2023-Lam_Dong-2ta1358116t1cvn,22-08-2023-Lam_Dong-2ta1358116t1cvn.json,processed,ok,True,1,0,0,1,1,1,1638,529,2167,0,False
one_call,22-12-2023-Ho_Chi_Minh-2ta1657408t1cvn,22-12-2023-Ho_Chi_Minh-2ta1657408t1cvn.json,processed,ok,True,1,0,0,1,1,1,1422,665,2087,0,False
one_call,23-03-2023-Gia_Lai-2ta1174733t1cvn,23-03-2023-Gia_Lai-2ta1174733t1cvn.json,processed,ok,True,4,0,0,4,4,1,3221,1832,5053,0,False
one_call,23-03-2023-Nghe_An-2ta1244636t1cvn,23-03-2023-Nghe_An-2ta1244636t1cvn.json,processed,ok,True,1,0,0,1,1,1,1480,475,2776,1,True
one_call,23-03-2023-Quang_Tri-2ta1195452t1cvn,23-03-2023-Quang_Tri-2ta1195452t1cvn.json,processed,ok,True,4,0,0,4,4,1,3124,1652,6721,1,True
one_call,23-06-2023-Hau_Giang-2ta1292151t1cvn,23-06-2023-Hau_Giang-2ta1292151t1cvn.json,processed,ok,True,1,0,0,1,1,1,1602,542,2144,0,False
one_call,24-05-2023-Bac_Kan-2ta1221175t1cvn,24-05-2023-Bac_Kan-2ta1221175t1cvn.json,processed,ok,True,1,0,0,1,1,1,1780,734,2514,0,False
one_call,24-11-2023-Quang_Ninh-2ta1417966t1cvn,24-11-2023-Quang_Ninh-2ta1417966t1cvn.json,processed,ok,True,2,0,0,2,2,1,2078,1279,4926,1,True
one_call,25-04-2023-Dien_Bien-2ta1199719t1cvn,25-04-2023-Dien_Bien-2ta1199719t1cvn.json,processed,ok,True,1,0,0,1,1,1,1344,411,1755,0,False
one_call,25-07-2023-Ho_Chi_Minh-2ta1323643t1cvn,25-07-2023-Ho_Chi_Minh-2ta1323643t1cvn.json,processed,ok,True,1,0,0,1,1,1,1674,614,2288,0,False
one_call,25-07-2023-Ho_Chi_Minh-2ta1328212t1cvn,25-07-2023-Ho_Chi_Minh-2ta1328212t1cvn.json,processed,ok,True,1,0,0,1,1,1,1425,772,3171,1,True
one_call,25-09-2023-Lai_Chau-2ta1447709t1cvn,25-09-2023-Lai_Chau-2ta1447709t1cvn.json,processed,ok,True,2,0,0,2,2,1,2190,1047,3237,0,False
one_call,25-12-2023-Binh_Duong-2ta1402945t1cvn,25-12-2023-Binh_Duong-2ta1402945t1cvn.json,processed,ok,True,1,0,0,1,1,1,1503,679,3203,1,True
one_call,26-07-2023-Dong_Nai-2ta1354977t1cvn,26-07-2023-Dong_Nai-2ta1354977t1cvn.json,processed,ok,True,1,0,0,1,1,1,1499,522,2021,0,False
one_call,27-06-2023-Hai_Phong-2ta1332384t1cvn,27-06-2023-Hai_Phong-2ta1332384t1cvn.json,processed,ok,True,1,0,0,1,1,1,1669,668,2337,0,False
one_call,27-07-2023-Hai_Phong-2ta1270586t1cvn,27-07-2023-Hai_Phong-2ta1270586t1cvn.json,processed,ok,True,3,0,0,3,3,1,2708,1350,4058,0,False
one_call,27-07-2023-Phu_Yen-2ta1270483t1cvn,27-07-2023-Phu_Yen-2ta1270483t1cvn.json,processed,ok,True,1,0,0,1,1,1,1581,682,2263,0,False
one_call,27-09-2023-Dien_Bien-2ta1365386t1cvn,27-09-2023-Dien_Bien-2ta1365386t1cvn.json,processed,ok,True,1,0,0,1,1,1,1525,494,2019,0,False
one_call,28-07-2023-Son_La-2ta1262331t1cvn,28-07-2023-Son_La-2ta1262331t1cvn.json,processed,ok,True,2,0,0,2,2,1,2152,1079,3231,0,False
one_call,28-08-2023-Nghe_An-2ta1302840t1cvn,28-08-2023-Nghe_An-2ta1302840t1cvn.json,processed,ok,True,2,0,0,2,2,1,2335,1026,3361,0,False
one_call,28-11-2023-Phu_Tho-2ta1414574t1cvn,28-11-2023-Phu_Tho-2ta1414574t1cvn.json,processed,ok,True,2,0,0,2,2,1,2262,1142,3404,0,False
one_call,28-12-2023-Thai_Nguyen-2ta1613530t1cvn,28-12-2023-Thai_Nguyen-2ta1613530t1cvn.json,processed,ok,True,1,0,0,1,1,1,1936,773,2709,0,False
one_call,29-08-2023-Quang_Binh-2ta1355582t1cvn,29-08-2023-Quang_Binh-2ta1355582t1cvn.json,processed,ok,True,1,0,0,1,1,1,1525,523,2048,0,False
one_call,29-08-2023-Tay_Ninh-2ta1495422t1cvn,29-08-2023-Tay_Ninh-2ta1495422t1cvn.json,processed,ok,True,2,0,0,2,2,1,2087,953,3040,0,False
one_call,29-09-2023-Hai_Phong-2ta1370718t1cvn,29-09-2023-Hai_Phong-2ta1370718t1cvn.json,processed,ok,True,4,0,0,4,4,1,3150,1489,4639,0,False
one_call,29-09-2023-Hai_Phong-2ta1371304t1cvn,29-09-2023-Hai_Phong-2ta1371304t1cvn.json,processed,ok,True,3,0,0,3,3,1,2794,1118,3912,0,False
one_call,29-12-2023-Cao_Bang-2ta1406323t1cvn,29-12-2023-Cao_Bang-2ta1406323t1cvn.json,processed,ok,True,2,0,0,2,2,1,2165,933,3098,0,False
one_call,30-03-2023-Ho_Chi_Minh-2ta1255219t1cvn,30-03-2023-Ho_Chi_Minh-2ta1255219t1cvn.json,processed,ok,True,1,0,0,1,1,1,1670,626,2296,0,False
one_call,30-08-2023-Binh_Dinh-2ta1346725t1cvn,30-08-2023-Binh_Dinh-2ta1346725t1cvn.json,processed,ok,True,1,0,0,1,1,1,1508,420,1928,0,False
one_call,30-08-2023-Dong_Nai-2ta1349571t1cvn,30-08-2023-Dong_Nai-2ta1349571t1cvn.json,processed,ok,True,1,0,0,1,1,1,1505,630,2135,0,False
one_call,30-11-2023-Bac_Ninh-2ta1472399t1cvn,30-11-2023-Bac_Ninh-2ta1472399t1cvn.json,processed,ok,True,1,0,0,1,1,1,1526,534,2060,0,False
one_call,31-07-2023-Hung_Yen-2ta1274814t1cvn,31-07-2023-Hung_Yen-2ta1274814t1cvn.json,processed,ok,True,1,0,0,1,1,1,1504,529,2033,0,False
one_call,31-07-2023-Nghe_An-2ta1304374t1cvn,31-07-2023-Nghe_An-2ta1304374t1cvn.json,processed,ok,True,1,0,0,1,1,1,1788,481,2269,0,False
one_call,31-07-2023-Soc_Trang-2ta1346448t1cvn,31-07-2023-Soc_Trang-2ta1346448t1cvn.json,processed,ok,True,1,0,0,1,1,1,1371,694,2065,0,False
one_call,31-08-2023-Ho_Chi_Minh-2ta1655493t1cvn,31-08-2023-Ho_Chi_Minh-2ta1655493t1cvn.json,processed,ok,True,2,0,0,2,2,1,1937,982,2919,0,False
one_call,01-02-2024-Khanh_Hoa-2ta1430918t1cvn,01-02-2024-Khanh_Hoa-2ta1430918t1cvn.json,processed,ok,True,1,0,0,1,1,1,1504,596,2100,0,False
one_call,01-04-2025-Tuyen_Quang-2ta1791873t1cvn,01-04-2025-Tuyen_Quang-2ta1791873t1cvn.json,processed,ok,True,2,0,0,2,2,1,2183,1187,3370,0,False
one_call,01-08-2024-Bac_Giang-2ta1610530t1cvn,01-08-2024-Bac_Giang-2ta1610530t1cvn.json,processed,ok,True,1,0,0,1,1,1,1543,535,2078,0,False
one_call,01-08-2025-Hai_Phong-2ta1913320t1cvn,01-08-2025-Hai_Phong-2ta1913320t1cvn.json,processed,ok,True,1,0,0,1,1,1,1582,638,2220,0,False
one_call,02-04-2025-Ha_Noi-2ta1950007t1cvn,02-04-2025-Ha_Noi-2ta1950007t1cvn.json,processed,ok,True,1,0,0,1,1,1,1493,583,2076,0,False
one_call,02-06-2025-Khanh_Hoa-2ta1912779t1cvn,02-06-2025-Khanh_Hoa-2ta1912779t1cvn.json,processed,ok,True,1,0,0,1,1,1,1658,677,2335,0,False
one_call,02-07-2025-Ho_Chi_Minh-2ta1973163t1cvn,02-07-2025-Ho_Chi_Minh-2ta1973163t1cvn.json,processed,ok,True,1,0,0,1,1,1,1521,669,2190,0,False
one_call,02-08-2024-Ho_Chi_Minh-2ta1628292t1cvn,02-08-2024-Ho_Chi_Minh-2ta1628292t1cvn.json,processed,ok,True,1,0,0,1,1,1,1699,534,2233,0,False
one_call,02-12-2025-Ha_Noi-2ta2018534t1cvn,02-12-2025-Ha_Noi-2ta2018534t1cvn.json,processed,ok,True,1,0,0,1,1,1,1631,733,2364,0,False
one_call,03-01-2025-An_Giang-2ta1917746t1cvn,03-01-2025-An_Giang-2ta1917746t1cvn.json,processed,ok,True,1,0,0,1,1,1,1523,424,1947,0,False
one_call,03-01-2025-Hung_Yen-2ta1712895t1cvn,03-01-2025-Hung_Yen-2ta1712895t1cvn.json,processed,ok,True,1,0,0,1,1,1,1470,582,2052,0,False
one_call,03-05-2024-Thai_Binh-2ta1510909t1cvn,03-05-2024-Thai_Binh-2ta1510909t1cvn.json,processed,ok,True,6,0,0,6,6,1,4073,2549,6622,0,False
one_call,03-06-2025-Ho_Chi_Minh-2ta1868097t1cvn,03-06-2025-Ho_Chi_Minh-2ta1868097t1cvn.json,processed,ok,True,1,0,0,1,1,1,1426,486,1912,0,False
one_call,04-03-2024-Kien_Giang-2ta1597508t1cvn,04-03-2024-Kien_Giang-2ta1597508t1cvn.json,processed,ok,True,1,0,0,1,1,1,1567,451,2018,0,False
one_call,04-03-2025-Hung_Yen-2ta1764393t1cvn,04-03-2025-Hung_Yen-2ta1764393t1cvn.json,processed,ok,True,2,0,0,2,2,1,2417,1020,3437,0,False
one_call,04-06-2025-Khanh_Hoa-2ta1896878t1cvn,04-06-2025-Khanh_Hoa-2ta1896878t1cvn.json,processed,ok,True,2,0,0,2,2,1,3187,920,4107,0,False
one_call,04-09-2025-Son_La-2ta1975105t1cvn,04-09-2025-Son_La-2ta1975105t1cvn.json,processed,ok,True,1,0,0,1,1,1,1504,467,1971,0,False
one_call,05-01-2024-Lai_Chau-2ta1406042t1cvn,05-01-2024-Lai_Chau-2ta1406042t1cvn.json,processed,ok,True,1,0,0,1,1,1,1682,539,2221,0,False
one_call,05-03-2024-Kien_Giang-2ta1647682t1cvn,05-03-2024-Kien_Giang-2ta1647682t1cvn.json,processed,ok,True,1,0,0,1,1,1,1564,467,2031,0,False
one_call,05-03-2025-Nghe_An-2ta1965821t1cvn,05-03-2025-Nghe_An-2ta1965821t1cvn.json,processed,ok,True,5,0,0,5,5,1,4497,2164,6661,0,False
one_call,05-07-2024-Cao_Bang-2ta1552371t1cvn,05-07-2024-Cao_Bang-2ta1552371t1cvn.json,processed,ok,True,1,0,0,1,1,1,1623,465,2088,0,False
one_call,05-08-2025-Dak_Lak-2ta1897296t1cvn,05-08-2025-Dak_Lak-2ta1897296t1cvn.json,processed,ok,True,1,0,0,1,1,1,1450,623,2073,0,False
one_call,05-09-2025-Ca_Mau-2ta2011326t1cvn,05-09-2025-Ca_Mau-2ta2011326t1cvn.json,processed,ok,True,1,0,0,1,1,1,1956,533,2489,0,False
one_call,06-01-2025-Bac_Giang-2ta1741748t1cvn,06-01-2025-Bac_Giang-2ta1741748t1cvn.json,processed,ok,True,1,0,0,1,1,1,1605,655,2260,0,False
one_call,06-03-2025-Nam_Dinh-2ta1782856t1cvn,06-03-2025-Nam_Dinh-2ta1782856t1cvn.json,processed,ok,True,2,0,0,2,2,1,2197,970,3167,0,False
one_call,06-05-2025-Quang_Ngai-2ta1883967t1cvn,06-05-2025-Quang_Ngai-2ta1883967t1cvn.json,processed,ok,True,1,0,0,1,1,1,1647,491,2138,0,False
one_call,06-06-2025-Ho_Chi_Minh-2ta1854245t1cvn,06-06-2025-Ho_Chi_Minh-2ta1854245t1cvn.json,processed,ok,True,2,0,0,2,2,1,1932,920,2852,0,False
one_call,06-06-2025-Tuyen_Quang-2ta1850013t1cvn,06-06-2025-Tuyen_Quang-2ta1850013t1cvn.json,processed,ok,True,2,0,0,2,2,1,2417,1010,3427,0,False
one_call,06-08-2024-Binh_Duong-2ta1579304t1cvn,06-08-2024-Binh_Duong-2ta1579304t1cvn.json,processed,ok,True,2,0,0,2,2,1,2065,1004,3069,0,False
one_call,06-11-2025-Dong_Nai-2ta2056899t1cvn,06-11-2025-Dong_Nai-2ta2056899t1cvn.json,processed,ok,True,1,0,0,1,1,1,1493,630,2123,0,False
one_call,07-03-2025-Hai_Duong-2ta1767390t1cvn,07-03-2025-Hai_Duong-2ta1767390t1cvn.json,processed,ok,True,1,0,0,1,1,1,1512,466,1978,0,False
one_call,07-05-2024-Ho_Chi_Minh-2ta1619879t1cvn,07-05-2024-Ho_Chi_Minh-2ta1619879t1cvn.json,processed,ok,True,1,0,0,1,1,1,1449,458,1907,0,False
one_call,07-08-2024-Ba_Ria_Vung_Tau-2ta1618858t1cvn,07-08-2024-Ba_Ria_Vung_Tau-2ta1618858t1cvn.json,processed,ok,True,3,0,0,3,3,1,2669,1482,4151,0,False
one_call,07-08-2025-Bac_Ninh-2ta1900243t1cvn,07-08-2025-Bac_Ninh-2ta1900243t1cvn.json,processed,ok,True,2,0,0,2,2,1,2340,1257,3597,0,False
one_call,07-08-2025-Cao_Bang-2ta1957517t1cvn,07-08-2025-Cao_Bang-2ta1957517t1cvn.json,processed,ok,True,1,0,0,1,1,1,1427,554,1981,0,False
one_call,07-08-2025-Nghe_An-2ta1871673t1cvn,07-08-2025-Nghe_An-2ta1871673t1cvn.json,processed,ok,True,1,0,0,1,1,1,1745,626,2371,0,False
one_call,07-11-2024-Lai_Chau-2ta1687837t1cvn,07-11-2024-Lai_Chau-2ta1687837t1cvn.json,processed,ok,True,1,0,0,1,1,1,1432,595,2027,0,False
one_call,08-04-2024-Ho_Chi_Minh-2ta1604010t1cvn,08-04-2024-Ho_Chi_Minh-2ta1604010t1cvn.json,processed,ok,True,1,0,0,1,1,1,1519,801,2320,0,False
one_call,08-04-2024-Nam_Dinh-2ta1484859t1cvn,08-04-2024-Nam_Dinh-2ta1484859t1cvn.json,processed,ok,True,5,0,0,5,5,1,3875,1928,5803,0,False
one_call,08-05-2024-Dong_Thap-2ta1503612t1cvn,08-05-2024-Dong_Thap-2ta1503612t1cvn.json,processed,ok,True,1,0,0,1,1,1,1523,544,2067,0,False
one_call,08-07-2025-Tuyen_Quang-2ta1866767t1cvn,08-07-2025-Tuyen_Quang-2ta1866767t1cvn.json,processed,ok,True,4,0,0,4,4,1,3641,1875,5516,0,False
one_call,09-01-2024-Ha_Noi-2ta1626776t1cvn,09-01-2024-Ha_Noi-2ta1626776t1cvn.json,processed,ok,True,1,0,0,1,1,1,1522,513,2035,0,False
one_call,09-01-2025-Bac_Lieu-2ta1763232t1cvn,09-01-2025-Bac_Lieu-2ta1763232t1cvn.json,processed,ok,True,1,0,0,1,1,1,1450,514,1964,0,False
one_call,09-01-2025-Phu_Tho-2ta1852066t1cvn,09-01-2025-Phu_Tho-2ta1852066t1cvn.json,processed,ok,True,2,0,0,2,2,1,2296,1308,3604,0,False
one_call,09-04-2024-Dak_Lak-2ta1491704t1cvn,09-04-2024-Dak_Lak-2ta1491704t1cvn.json,processed,ok,True,3,0,0,3,3,1,3128,1501,4629,0,False
one_call,09-05-2024-Quang_Ninh-2ta1555454t1cvn,09-05-2024-Quang_Ninh-2ta1555454t1cvn.json,processed,ok,True,1,0,0,1,1,1,1627,552,2179,0,False
one_call,09-06-2025-Vinh_Phuc-2ta1928651t1cvn,09-06-2025-Vinh_Phuc-2ta1928651t1cvn.json,processed,ok,True,2,0,0,2,2,1,2079,924,3003,0,False
one_call,09-07-2024-Tuyen_Quang-2ta1553282t1cvn,09-07-2024-Tuyen_Quang-2ta1553282t1cvn.json,processed,ok,True,0,1,0,1,0,1,1149,30,1179,0,False
one_call,09-08-2024-Dong_Thap-2ta1594564t1cvn,09-08-2024-Dong_Thap-2ta1594564t1cvn.json,processed,ok,True,1,0,0,1,1,1,1611,740,2351,0,False
one_call,09-09-2025-Dien_Bien-2ta1980311t1cvn,09-09-2025-Dien_Bien-2ta1980311t1cvn.json,processed,ok,True,1,0,0,1,1,1,1605,617,2222,0,False
one_call,09-09-2025-Son_La-2ta1978095t1cvn,09-09-2025-Son_La-2ta1978095t1cvn.json,processed,ok,True,16,0,0,16,16,1,9444,5734,15178,0,False
one_call,10-01-2025-Khanh_Hoa-2ta1738112t1cvn,10-01-2025-Khanh_Hoa-2ta1738112t1cvn.json,processed,ok,True,1,0,0,1,1,1,1793,829,2622,0,False
one_call,10-01-2025-Phu_Tho-2ta1852183t1cvn,10-01-2025-Phu_Tho-2ta1852183t1cvn.json,processed,ok,True,1,0,0,1,1,1,1552,587,2139,0,False
one_call,10-03-2024-Tien_Giang-2ta1461024t1cvn,10-03-2024-Tien_Giang-2ta1461024t1cvn.json,processed,ok,True,2,0,0,2,2,1,2161,853,3014,0,False
one_call,10-05-2024-Hai_Duong-2ta1521714t1cvn,10-05-2024-Hai_Duong-2ta1521714t1cvn.json,processed,ok,True,1,0,0,1,1,1,1448,425,1873,0,False
one_call,10-05-2025-Vinh_Phuc-2ta1820910t1cvn,10-05-2025-Vinh_Phuc-2ta1820910t1cvn.json,processed,ok,True,1,0,0,1,1,1,1584,661,2245,0,False
one_call,10-07-2024-Dien_Bien-2ta1564951t1cvn,10-07-2024-Dien_Bien-2ta1564951t1cvn.json,processed,ok,True,1,0,0,1,1,1,1496,552,2048,0,False
one_call,10-07-2025-Hai_Phong-2ta1883997t1cvn,10-07-2025-Hai_Phong-2ta1883997t1cvn.json,processed,ok,True,1,0,0,1,1,1,1439,454,1893,0,False
one_call,10-08-2025-Lao_Cai-2ta1964308t1cvn,10-08-2025-Lao_Cai-2ta1964308t1cvn.json,processed,ok,True,2,0,0,2,2,1,2402,995,3397,0,False
one_call,10-12-2024-Bac_Ninh-2ta1805238t1cvn,10-12-2024-Bac_Ninh-2ta1805238t1cvn.json,processed,ok,True,1,0,0,1,1,1,1539,723,2262,0,False
one_call,10-12-2025-Ha_Tinh-2ta2055815t1cvn,10-12-2025-Ha_Tinh-2ta2055815t1cvn.json,processed,ok,True,1,0,0,1,1,1,1520,588,2108,0,False
one_call,11-01-2024-Thai_Nguyen-2ta1565714t1cvn,11-01-2024-Thai_Nguyen-2ta1565714t1cvn.json,processed,ok,True,1,0,0,1,1,1,1825,704,2529,0,False
one_call,11-01-2024-Yen_Bai-2ta1413451t1cvn,11-01-2024-Yen_Bai-2ta1413451t1cvn.json,processed,ok,True,1,0,0,1,1,1,1549,504,2053,0,False
one_call,11-03-2024-Quang_Ngai-2ta1460455t1cvn,11-03-2024-Quang_Ngai-2ta1460455t1cvn.json,processed,ok,True,1,0,0,1,1,1,1614,593,2207,0,False
one_call,11-06-2024-Ho_Chi_Minh-2ta1589981t1cvn,11-06-2024-Ho_Chi_Minh-2ta1589981t1cvn.json,processed,ok,True,1,0,0,1,1,1,1702,511,2213,0,False
one_call,11-08-2025-Tuyen_Quang-2ta1926816t1cvn,11-08-2025-Tuyen_Quang-2ta1926816t1cvn.json,processed,ok,True,1,0,0,1,1,1,1640,672,2312,0,False
one_call,11-11-2025-Ca_Mau-2ta2012503t1cvn,11-11-2025-Ca_Mau-2ta2012503t1cvn.json,processed,ok,True,1,0,0,1,1,1,1490,568,2058,0,False
one_call,12-01-2025-Binh_Duong-2ta1833899t1cvn,12-01-2025-Binh_Duong-2ta1833899t1cvn.json,processed,ok,True,1,0,0,1,1,1,1461,527,1988,0,False
one_call,12-03-2025-Ho_Chi_Minh-2ta1804598t1cvn,12-03-2025-Ho_Chi_Minh-2ta1804598t1cvn.json,processed,ok,True,1,0,0,1,1,1,1690,619,2309,0,False
one_call,12-08-2025-Ho_Chi_Minh-2ta1959418t1cvn,12-08-2025-Ho_Chi_Minh-2ta1959418t1cvn.json,processed,ok,True,2,0,0,2,2,1,2031,737,2768,0,False
one_call,12-08-2025-Hue-2ta1952506t1cvn,12-08-2025-Hue-2ta1952506t1cvn.json,processed,ok,True,2,0,0,2,2,1,2600,1121,3721,0,False
one_call,12-08-2025-Lai_Chau-2ta1919469t1cvn,12-08-2025-Lai_Chau-2ta1919469t1cvn.json,processed,ok,True,2,0,0,2,2,1,2361,1058,3419,0,False
one_call,12-08-2025-Ninh_Binh-2ta1930408t1cvn,12-08-2025-Ninh_Binh-2ta1930408t1cvn.json,processed,ok,True,1,0,0,1,1,1,1504,645,2149,0,False
one_call,12-11-2024-Cao_Bang-2ta1689860t1cvn,12-11-2024-Cao_Bang-2ta1689860t1cvn.json,processed,ok,True,1,0,0,1,1,1,1558,493,2051,0,False
one_call,13-03-2025-Ba_Ria_Vung_Tau-2ta1810610t1cvn,13-03-2025-Ba_Ria_Vung_Tau-2ta1810610t1cvn.json,processed,ok,True,1,0,0,1,1,1,1602,562,2164,0,False
one_call,13-06-2024-Ho_Chi_Minh-2ta1618708t1cvn,13-06-2024-Ho_Chi_Minh-2ta1618708t1cvn.json,processed,ok,True,2,0,0,2,2,1,2261,1086,3347,0,False
one_call,13-08-2024-Quang_Tri-2ta1650161t1cvn,13-08-2024-Quang_Tri-2ta1650161t1cvn.json,processed,ok,True,3,0,0,3,3,1,2998,1294,4292,0,False
one_call,13-08-2025-Da_Nang-2ta1943094t1cvn,13-08-2025-Da_Nang-2ta1943094t1cvn.json,processed,ok,True,1,0,0,1,1,1,1620,660,2280,0,False
one_call,13-08-2025-Hue-2ta1952404t1cvn,13-08-2025-Hue-2ta1952404t1cvn.json,processed,ok,True,2,0,0,2,2,1,2128,979,3107,0,False
one_call,14-03-2024-Thai_Binh-2ta1475993t1cvn,14-03-2024-Thai_Binh-2ta1475993t1cvn.json,processed,ok,True,1,0,0,1,1,1,1399,713,2112,0,False
one_call,14-03-2024-Thai_Nguyen-2ta1565744t1cvn,14-03-2024-Thai_Nguyen-2ta1565744t1cvn.json,processed,ok,True,2,0,0,2,2,1,2265,996,3261,0,False
one_call,14-06-2024-Ha_Noi-2ta1588561t1cvn,14-06-2024-Ha_Noi-2ta1588561t1cvn.json,processed,ok,True,1,0,0,1,1,1,1305,582,1887,0,False
one_call,14-08-2025-Ha_Tinh-2ta1962835t1cvn,14-08-2025-Ha_Tinh-2ta1962835t1cvn.json,processed,ok,True,1,0,0,1,1,1,1685,485,2170,0,False
one_call,14-08-2025-Ho_Chi_Minh-2ta1973446t1cvn,14-08-2025-Ho_Chi_Minh-2ta1973446t1cvn.json,processed,ok,True,1,0,0,1,1,1,1667,651,2318,0,False
one_call,14-11-2024-Hung_Yen-2ta1778508t1cvn,14-11-2024-Hung_Yen-2ta1778508t1cvn.json,processed,ok,True,2,0,0,2,2,1,2377,1013,3390,0,False
one_call,14-11-2025-An_Giang-2ta2034336t1cvn,14-11-2025-An_Giang-2ta2034336t1cvn.json,processed,ok,True,2,0,0,2,2,1,2332,805,3137,0,False
one_call,15-01-2025-Quang_Ninh-2ta1721699t1cvn,15-01-2025-Quang_Ninh-2ta1721699t1cvn.json,processed,ok,True,1,0,0,1,1,1,1597,626,2223,0,False
one_call,15-04-2024-Tien_Giang-2ta1619955t1cvn,15-04-2024-Tien_Giang-2ta1619955t1cvn.json,processed,ok,True,1,0,0,1,1,1,1445,473,1918,0,False
one_call,15-04-2025-Ho_Chi_Minh-2ta1936700t1cvn,15-04-2025-Ho_Chi_Minh-2ta1936700t1cvn.json,processed,ok,True,1,0,0,1,1,1,1530,474,2004,0,False
one_call,15-07-2024-Tuyen_Quang-2ta1585800t1cvn,15-07-2024-Tuyen_Quang-2ta1585800t1cvn.json,processed,ok,True,2,0,0,2,2,1,2070,1123,3193,0,False
one_call,15-11-2024-Nghe_An-2ta1747859t1cvn,15-11-2024-Nghe_An-2ta1747859t1cvn.json,processed,ok,True,1,0,0,1,1,1,1593,550,2143,0,False
one_call,15-12-2025-Ninh_Binh-2ta2023886t1cvn,15-12-2025-Ninh_Binh-2ta2023886t1cvn.json,processed,ok,True,1,0,0,1,1,1,1628,686,2314,0,False
one_call,16-01-2025-Lao_Cai-2ta1721534t1cvn,16-01-2025-Lao_Cai-2ta1721534t1cvn.json,processed,ok,True,6,0,0,6,6,1,4043,2879,6922,0,False
one_call,16-06-2025-Ha_Tinh-2ta1866292t1cvn,16-06-2025-Ha_Tinh-2ta1866292t1cvn.json,processed,ok,True,1,0,0,1,1,1,1741,721,2462,0,False
one_call,16-07-2025-Ninh_Binh-2ta1893934t1cvn,16-07-2025-Ninh_Binh-2ta1893934t1cvn.json,processed,ok,True,2,0,0,2,2,1,2403,1159,3562,0,False
one_call,16-08-2024-Ho_Chi_Minh-2ta1631427t1cvn,16-08-2024-Ho_Chi_Minh-2ta1631427t1cvn.json,processed,ok,True,1,0,0,1,1,1,1452,511,1963,0,False
one_call,16-09-2024-Quang_Binh-2ta1665286t1cvn,16-09-2024-Quang_Binh-2ta1665286t1cvn.json,processed,ok,True,1,0,0,1,1,1,1589,657,2246,0,False
one_call,16-09-2025-Dien_Bien-2ta1980369t1cvn,16-09-2025-Dien_Bien-2ta1980369t1cvn.json,processed,ok,True,1,0,0,1,1,1,1719,612,2331,0,False
one_call,16-09-2025-Hai_Phong-2ta1981049t1cvn,16-09-2025-Hai_Phong-2ta1981049t1cvn.json,processed,ok,True,1,0,0,1,1,1,1812,614,2426,0,False
one_call,17-01-2025-Bac_Ninh-2ta1781125t1cvn,17-01-2025-Bac_Ninh-2ta1781125t1cvn.json,processed,ok,True,1,0,0,1,1,1,1622,510,2132,0,False
one_call,17-01-2025-Dien_Bien-2ta1734118t1cvn,17-01-2025-Dien_Bien-2ta1734118t1cvn.json,processed,ok,True,3,0,0,3,3,1,2552,1187,3739,0,False
one_call,17-01-2025-Dien_Bien-2ta1734140t1cvn,17-01-2025-Dien_Bien-2ta1734140t1cvn.json,processed,ok,True,1,0,0,1,1,1,2036,688,2724,0,False
one_call,17-01-2025-Hai_Phong-2ta1837868t1cvn,17-01-2025-Hai_Phong-2ta1837868t1cvn.json,processed,ok,True,1,0,0,1,1,1,1634,677,2311,0,False
one_call,17-03-2025-Ba_Ria_Vung_Tau-2ta1839127t1cvn,17-03-2025-Ba_Ria_Vung_Tau-2ta1839127t1cvn.json,processed,ok,True,1,0,0,1,1,1,1540,471,2011,0,False
one_call,17-03-2025-Hue-2ta1940719t1cvn,17-03-2025-Hue-2ta1940719t1cvn.json,processed,ok,True,1,0,0,1,1,1,1605,542,2147,0,False
one_call,17-04-2024-Son_La-2ta1481639t1cvn,17-04-2024-Son_La-2ta1481639t1cvn.json,processed,ok,True,1,0,0,1,1,1,1660,567,2227,0,False
one_call,17-04-2024-Tuyen_Quang-2ta1484686t1cvn,17-04-2024-Tuyen_Quang-2ta1484686t1cvn.json,processed,ok,True,1,0,0,1,1,1,1486,698,2184,0,False
one_call,17-04-2025-Dong_Nai-2ta1846924t1cvn,17-04-2025-Dong_Nai-2ta1846924t1cvn.json,processed,ok,True,1,0,0,1,1,1,1530,648,2178,0,False
one_call,17-04-2025-Ho_Chi_Minh-2ta1799205t1cvn,17-04-2025-Ho_Chi_Minh-2ta1799205t1cvn.json,processed,ok,True,3,0,0,3,3,1,2554,1135,3689,0,False
one_call,17-04-2025-Thai_Binh-2ta1803410t1cvn,17-04-2025-Thai_Binh-2ta1803410t1cvn.json,processed,ok,True,1,0,0,1,1,1,1668,521,2189,0,False
one_call,17-06-2025-Dak_Lak-2ta1857233t1cvn,17-06-2025-Dak_Lak-2ta1857233t1cvn.json,processed,ok,True,1,0,0,1,1,1,1603,691,2294,0,False
one_call,17-06-2025-UnknownProvince-2ta2005675t1cvn,17-06-2025-UnknownProvince-2ta2005675t1cvn.json,processed,ok,True,3,0,0,3,3,1,2929,1720,4649,0,False
one_call,18-02-2025-Dien_Bien-2ta1748152t1cvn,18-02-2025-Dien_Bien-2ta1748152t1cvn.json,processed,ok,True,1,0,0,1,1,1,1592,728,2320,0,False
one_call,18-03-2024-Hoa_Binh-2ta1474950t1cvn,18-03-2024-Hoa_Binh-2ta1474950t1cvn.json,processed,ok,True,1,0,0,1,1,1,1474,619,2093,0,False
one_call,18-06-2025-Ninh_Binh-2ta1864907t1cvn,18-06-2025-Ninh_Binh-2ta1864907t1cvn.json,processed,ok,True,2,0,0,2,2,1,2129,1073,3202,0,False
one_call,18-07-2025-Nghe_An-2ta2048978t1cvn,18-07-2025-Nghe_An-2ta2048978t1cvn.json,processed,ok,True,1,0,0,1,1,1,1559,607,2166,0,False
one_call,18-08-2025-Bac_Ninh-2ta1898097t1cvn,18-08-2025-Bac_Ninh-2ta1898097t1cvn.json,processed,ok,True,1,0,0,1,1,1,1888,801,2689,0,False
one_call,18-08-2025-Phu_Tho-2ta1979793t1cvn,18-08-2025-Phu_Tho-2ta1979793t1cvn.json,processed,ok,True,1,0,0,1,1,1,1816,656,2472,0,False
one_call,18-09-2025-Lang_Son-2ta1993084t1cvn,18-09-2025-Lang_Son-2ta1993084t1cvn.json,processed,ok,True,1,0,0,1,1,1,1965,667,2632,0,False
one_call,18-11-2025-Lam_Dong-2ta2012026t1cvn,18-11-2025-Lam_Dong-2ta2012026t1cvn.json,processed,ok,True,2,0,0,2,2,1,2194,979,3173,0,False
one_call,19-03-2024-Ho_Chi_Minh-2ta1604003t1cvn,19-03-2024-Ho_Chi_Minh-2ta1604003t1cvn.json,processed,ok,True,3,0,0,3,3,1,2660,1402,4062,0,False
one_call,19-03-2025-Ho_Chi_Minh-2ta1841757t1cvn,19-03-2025-Ho_Chi_Minh-2ta1841757t1cvn.json,processed,ok,True,7,0,0,7,7,1,6353,2716,9069,0,False
one_call,19-05-2025-Thai_Nguyen-2ta1949470t1cvn,19-05-2025-Thai_Nguyen-2ta1949470t1cvn.json,processed,ok,True,1,0,0,1,1,1,1556,511,2067,0,False
one_call,19-05-2025-Tuyen_Quang-2ta1850047t1cvn,19-05-2025-Tuyen_Quang-2ta1850047t1cvn.json,processed,ok,True,1,0,0,1,1,1,1657,527,2184,0,False
one_call,19-06-2025-Binh_Duong-2ta1854450t1cvn,19-06-2025-Binh_Duong-2ta1854450t1cvn.json,processed,ok,True,1,0,0,1,1,1,1627,552,2179,0,False
one_call,19-06-2025-Son_La-2ta1854100t1cvn,19-06-2025-Son_La-2ta1854100t1cvn.json,processed,ok,True,2,0,0,2,2,1,2058,1154,3212,0,False
one_call,19-06-2025-Tay_Ninh-2ta1891588t1cvn,19-06-2025-Tay_Ninh-2ta1891588t1cvn.json,processed,ok,True,1,0,0,1,1,1,1516,589,2105,0,False
one_call,19-08-2024-Ho_Chi_Minh-2ta1657190t1cvn,19-08-2024-Ho_Chi_Minh-2ta1657190t1cvn.json,processed,ok,True,2,0,0,2,2,1,2183,924,3107,0,False
one_call,19-08-2025-Bac_Ninh-2ta1944480t1cvn,19-08-2025-Bac_Ninh-2ta1944480t1cvn.json,processed,ok,True,1,0,0,1,1,1,1451,483,1934,0,False
one_call,19-11-2024-Quang_Tri-2ta1740390t1cvn,19-11-2024-Quang_Tri-2ta1740390t1cvn.json,processed,ok,True,3,0,0,3,3,1,3509,1398,4907,0,False
one_call,19-11-2025-Ho_Chi_Minh-2ta2079272t1cvn,19-11-2025-Ho_Chi_Minh-2ta2079272t1cvn.json,processed,ok,True,3,0,0,3,3,1,2588,1114,3702,0,False
one_call,20-01-2025-Bac_Ninh-2ta1738652t1cvn,20-01-2025-Bac_Ninh-2ta1738652t1cvn.json,processed,ok,True,1,0,0,1,1,1,1542,457,1999,0,False
one_call,20-05-2024-Ha_Noi-2ta1493037t1cvn,20-05-2024-Ha_Noi-2ta1493037t1cvn.json,processed,ok,True,1,0,0,1,1,1,1709,659,2368,0,False
one_call,20-05-2025-Ba_Ria_Vung_Tau-2ta1838148t1cvn,20-05-2025-Ba_Ria_Vung_Tau-2ta1838148t1cvn.json,processed,ok,True,1,0,0,1,1,1,1514,437,1951,0,False
one_call,20-05-2025-Son_La-2ta1826649t1cvn,20-05-2025-Son_La-2ta1826649t1cvn.json,processed,ok,True,2,0,0,2,2,1,2390,1112,3502,0,False
one_call,20-06-2024-Bac_Giang-2ta1574024t1cvn,20-06-2024-Bac_Giang-2ta1574024t1cvn.json,processed,ok,True,1,0,0,1,1,1,1439,538,1977,0,False
one_call,20-09-2025-An_Giang-2ta1917767t1cvn,20-09-2025-An_Giang-2ta1917767t1cvn.json,processed,ok,True,3,0,0,3,3,1,2716,1503,4219,0,False
one_call,20-09-2025-Dien_Bien-2ta1982098t1cvn,20-09-2025-Dien_Bien-2ta1982098t1cvn.json,processed,ok,True,1,0,0,1,1,1,1498,524,2022,0,False
one_call,20-10-2025-An_Giang-2ta2034333t1cvn,20-10-2025-An_Giang-2ta2034333t1cvn.json,processed,ok,True,2,0,0,2,2,1,2010,718,2728,0,False
one_call,20-11-2025-Lam_Dong-2ta2026259t1cvn,20-11-2025-Lam_Dong-2ta2026259t1cvn.json,processed,ok,True,1,0,0,1,1,1,1590,739,2329,0,False
one_call,20-12-2024-Hai_Phong-2ta1833162t1cvn,20-12-2024-Hai_Phong-2ta1833162t1cvn.json,processed,ok,True,1,0,0,1,1,1,1509,691,2200,0,False
one_call,21-02-2024-Hai_Phong-2ta1418269t1cvn,21-02-2024-Hai_Phong-2ta1418269t1cvn.json,processed,ok,True,2,0,0,2,2,1,2190,1037,3227,0,False
one_call,21-02-2025-An_Giang-2ta1973677t1cvn,21-02-2025-An_Giang-2ta1973677t1cvn.json,processed,ok,True,1,0,0,1,1,1,1649,513,2162,0,False
one_call,21-02-2025-Ha_Tinh-2ta1867599t1cvn,21-02-2025-Ha_Tinh-2ta1867599t1cvn.json,processed,ok,True,1,0,0,1,1,1,1659,512,2171,0,False
one_call,21-03-2025-Hai_Duong-2ta1788880t1cvn,21-03-2025-Hai_Duong-2ta1788880t1cvn.json,processed,ok,True,3,0,0,3,3,1,3259,1237,4496,0,False
one_call,21-08-2024-Ba_Ria_Vung_Tau-2ta1613282t1cvn,21-08-2024-Ba_Ria_Vung_Tau-2ta1613282t1cvn.json,processed,ok,True,1,0,0,1,1,1,1493,615,2108,0,False
one_call,22-03-2024-An_Giang-2ta1638930t1cvn,22-03-2024-An_Giang-2ta1638930t1cvn.json,processed,ok,True,5,0,0,5,5,1,3763,1975,5738,0,False
one_call,22-03-2024-Ho_Chi_Minh-2ta1647097t1cvn,22-03-2024-Ho_Chi_Minh-2ta1647097t1cvn.json,processed,ok,True,1,0,0,1,1,1,1528,485,2013,0,False
one_call,22-04-2024-Gia_Lai-2ta1526648t1cvn,22-04-2024-Gia_Lai-2ta1526648t1cvn.json,processed,ok,True,1,0,0,1,1,1,1572,667,2239,0,False
one_call,22-04-2025-Dong_Nai-2ta1867248t1cvn,22-04-2025-Dong_Nai-2ta1867248t1cvn.json,processed,ok,True,1,0,0,1,1,1,1821,696,2517,0,False
one_call,22-04-2025-Gia_Lai-2ta1972854t1cvn,22-04-2025-Gia_Lai-2ta1972854t1cvn.json,processed,ok,True,1,0,0,1,1,1,1768,586,2354,0,False
one_call,22-07-2025-Ho_Chi_Minh-2ta1936709t1cvn,22-07-2025-Ho_Chi_Minh-2ta1936709t1cvn.json,processed,ok,True,4,0,0,4,4,1,3029,1888,4917,0,False
one_call,23-01-2025-Ha_Noi-2ta1867331t1cvn,23-01-2025-Ha_Noi-2ta1867331t1cvn.json,processed,ok,True,1,0,0,1,1,1,1627,476,2103,0,False
one_call,23-01-2025-Hung_Yen-2ta1769729t1cvn,23-01-2025-Hung_Yen-2ta1769729t1cvn.json,processed,ok,True,2,0,0,2,2,1,1988,836,2824,0,False
one_call,23-01-2025-Thai_Binh-2ta1733198t1cvn,23-01-2025-Thai_Binh-2ta1733198t1cvn.json,processed,ok,True,1,0,0,1,1,1,1507,625,2132,0,False
one_call,23-04-2025-Ho_Chi_Minh-2ta1959237t1cvn,23-04-2025-Ho_Chi_Minh-2ta1959237t1cvn.json,processed,ok,True,1,0,0,1,1,1,1611,764,2375,0,False
one_call,23-05-2024-Nam_Dinh-2ta1508192t1cvn,23-05-2024-Nam_Dinh-2ta1508192t1cvn.json,processed,ok,True,1,0,0,1,1,1,1348,513,1861,0,False
one_call,23-05-2024-Quang_Ninh-2ta1524752t1cvn,23-05-2024-Quang_Ninh-2ta1524752t1cvn.json,processed,ok,True,4,0,0,4,4,1,3888,1689,5577,0,False
one_call,23-05-2025-Ho_Chi_Minh-2ta1973138t1cvn,23-05-2025-Ho_Chi_Minh-2ta1973138t1cvn.json,processed,ok,True,1,0,0,1,1,1,1542,454,1996,0,False
one_call,23-06-2025-Lao_Cai-2ta1866137t1cvn,23-06-2025-Lao_Cai-2ta1866137t1cvn.json,processed,ok,True,1,0,0,1,1,1,1593,702,2295,0,False
one_call,23-07-2025-Dien_Bien-2ta1880919t1cvn,23-07-2025-Dien_Bien-2ta1880919t1cvn.json,processed,ok,True,3,0,0,3,3,1,3073,1187,4260,0,False
one_call,23-08-2024-Thai_Binh-2ta1612148t1cvn,23-08-2024-Thai_Binh-2ta1612148t1cvn.json,processed,ok,True,7,0,0,7,7,1,5003,2842,7845,0,False
one_call,23-12-2024-An_Giang-2ta1917916t1cvn,23-12-2024-An_Giang-2ta1917916t1cvn.json,processed,ok,True,1,0,0,1,1,1,1508,333,1841,0,False
one_call,24-01-2025-Khanh_Hoa-2ta1714281t1cvn,24-01-2025-Khanh_Hoa-2ta1714281t1cvn.json,processed,ok,True,1,0,0,1,1,1,1819,609,2428,0,False
one_call,24-01-2025-Thanh_Hoa-2ta1775751t1cvn,24-01-2025-Thanh_Hoa-2ta1775751t1cvn.json,processed,ok,True,1,0,0,1,1,1,1729,784,2513,0,False
one_call,24-03-2025-Can_Tho-2ta1851514t1cvn,24-03-2025-Can_Tho-2ta1851514t1cvn.json,processed,ok,True,1,0,0,1,1,1,1679,569,2248,0,False
one_call,24-03-2025-Dien_Bien-2ta1800318t1cvn,24-03-2025-Dien_Bien-2ta1800318t1cvn.json,processed,ok,True,1,0,0,1,1,1,1751,452,2203,0,False
one_call,24-05-2024-Da_Nang-2ta1504174t1cvn,24-05-2024-Da_Nang-2ta1504174t1cvn.json,processed,ok,True,1,0,0,1,1,1,1707,689,2396,0,False
one_call,24-06-2025-Bac_Ninh-2ta1956848t1cvn,24-06-2025-Bac_Ninh-2ta1956848t1cvn.json,processed,ok,True,1,0,0,1,1,1,1753,718,2471,0,False
one_call,24-06-2025-Son_La-2ta1858883t1cvn,24-06-2025-Son_La-2ta1858883t1cvn.json,processed,ok,True,2,0,0,2,2,1,2106,1150,3256,0,False
one_call,24-06-2025-Son_La-2ta1864510t1cvn,24-06-2025-Son_La-2ta1864510t1cvn.json,processed,ok,True,1,0,0,1,1,1,1585,624,2209,0,False
one_call,24-07-2024-Ninh_Binh-2ta1558645t1cvn,24-07-2024-Ninh_Binh-2ta1558645t1cvn.json,processed,ok,True,1,0,0,1,1,1,1460,638,2098,0,False
one_call,24-07-2025-An_Giang-2ta1941635t1cvn,24-07-2025-An_Giang-2ta1941635t1cvn.json,processed,ok,True,1,0,0,1,1,1,1424,616,2040,0,False
one_call,24-07-2025-Ho_Chi_Minh-2ta1887832t1cvn,24-07-2025-Ho_Chi_Minh-2ta1887832t1cvn.json,processed,ok,True,5,0,0,5,5,1,3725,2371,6096,0,False
one_call,24-07-2025-Hung_Yen-2ta1875157t1cvn,24-07-2025-Hung_Yen-2ta1875157t1cvn.json,processed,ok,True,2,0,0,2,2,1,1940,952,2892,0,False
one_call,24-09-2024-Dien_Bien-2ta1667513t1cvn,24-09-2024-Dien_Bien-2ta1667513t1cvn.json,processed,ok,True,1,0,0,1,1,1,1608,468,2076,0,False
one_call,24-09-2024-Son_La-2ta1667472t1cvn,24-09-2024-Son_La-2ta1667472t1cvn.json,processed,ok,True,1,0,0,1,1,1,1654,442,2096,0,False
one_call,24-12-2025-Ho_Chi_Minh-2ta2075090t1cvn,24-12-2025-Ho_Chi_Minh-2ta2075090t1cvn.json,processed,ok,True,1,0,0,1,1,1,1795,586,2381,0,False
one_call,25-02-2025-Dien_Bien-2ta1748471t1cvn,25-02-2025-Dien_Bien-2ta1748471t1cvn.json,processed,ok,True,2,0,0,2,2,1,2420,957,3377,0,False
one_call,25-02-2025-Hung_Yen-2ta1764446t1cvn,25-02-2025-Hung_Yen-2ta1764446t1cvn.json,processed,ok,True,1,0,0,1,1,1,1711,518,2229,0,False
one_call,25-04-2025-Son_La-2ta1802492t1cvn,25-04-2025-Son_La-2ta1802492t1cvn.json,processed,ok,True,1,0,0,1,1,1,1468,548,2016,0,False
one_call,25-08-2024-Hai_Phong-2ta1657210t1cvn,25-08-2024-Hai_Phong-2ta1657210t1cvn.json,processed,ok,True,1,0,0,1,1,1,1551,756,2307,0,False
one_call,25-08-2025-Ho_Chi_Minh-2ta1991219t1cvn,25-08-2025-Ho_Chi_Minh-2ta1991219t1cvn.json,processed,ok,True,7,0,0,7,7,1,4779,2538,7317,0,False
one_call,25-09-2024-Dien_Bien-2ta1675572t1cvn,25-09-2024-Dien_Bien-2ta1675572t1cvn.json,processed,ok,True,1,0,0,1,1,1,1646,771,2417,0,False
one_call,25-09-2025-Dien_Bien-2ta1982671t1cvn,25-09-2025-Dien_Bien-2ta1982671t1cvn.json,processed,ok,True,1,0,0,1,1,1,1458,491,1949,0,False
one_call,25-11-2025-Hung_Yen-2ta2011482t1cvn,25-11-2025-Hung_Yen-2ta2011482t1cvn.json,processed,ok,True,1,0,0,1,1,1,1505,624,2129,0,False
one_call,25-12-2024-Thanh_Hoa-2ta1716936t1cvn,25-12-2024-Thanh_Hoa-2ta1716936t1cvn.json,processed,ok,True,2,0,0,2,2,1,2223,1070,3293,0,False
one_call,26-02-2025-Lai_Chau-2ta1748216t1cvn,26-02-2025-Lai_Chau-2ta1748216t1cvn.json,processed,ok,True,1,0,0,1,1,1,1500,494,1994,0,False
one_call,26-05-2025-Bac_Ninh-2ta1956390t1cvn,26-05-2025-Bac_Ninh-2ta1956390t1cvn.json,processed,ok,True,1,0,0,1,1,1,1565,548,2113,0,False
one_call,26-05-2025-Da_Nang-2ta1936169t1cvn,26-05-2025-Da_Nang-2ta1936169t1cvn.json,processed,ok,True,1,0,0,1,1,1,1486,621,2107,0,False
one_call,26-05-2025-Phu_Tho-2ta1852318t1cvn,26-05-2025-Phu_Tho-2ta1852318t1cvn.json,processed,ok,True,1,0,0,1,1,1,1654,727,2381,0,False
one_call,26-06-2025-Khanh_Hoa-2ta1897155t1cvn,26-06-2025-Khanh_Hoa-2ta1897155t1cvn.json,processed,ok,True,1,0,0,1,1,1,1669,630,3661,1,True
one_call,26-06-2025-Lai_Chau-2ta2005423t1cvn,26-06-2025-Lai_Chau-2ta2005423t1cvn.json,processed,ok,True,5,0,0,5,5,1,4228,2273,6501,0,False
one_call,26-08-2025-Da_Nang-2ta1962683t1cvn,26-08-2025-Da_Nang-2ta1962683t1cvn.json,processed,ok,True,1,0,0,1,1,1,1581,618,2199,0,False
one_call,26-09-2024-Kon_Tum-2ta1676580t1cvn,26-09-2024-Kon_Tum-2ta1676580t1cvn.json,processed,ok,True,2,0,0,2,2,1,2182,903,3085,0,False
one_call,26-12-2024-Quang_Nam-2ta1921187t1cvn,26-12-2024-Quang_Nam-2ta1921187t1cvn.json,processed,ok,True,1,0,0,1,1,1,1506,566,2072,0,False
one_call,27-02-2024-Ho_Chi_Minh-2ta1655303t1cvn,27-02-2024-Ho_Chi_Minh-2ta1655303t1cvn.json,processed,ok,True,1,0,0,1,1,1,1738,620,2358,0,False
one_call,27-02-2025-Khanh_Hoa-2ta1962876t1cvn,27-02-2025-Khanh_Hoa-2ta1962876t1cvn.json,processed,ok,True,1,0,0,1,1,1,1619,586,2205,0,False
one_call,27-03-2025-Binh_Duong-2ta1791339t1cvn,27-03-2025-Binh_Duong-2ta1791339t1cvn.json,processed,ok,True,1,0,0,1,1,1,1528,620,2148,0,False
one_call,27-03-2025-Binh_Duong-2ta1794110t1cvn,27-03-2025-Binh_Duong-2ta1794110t1cvn.json,processed,ok,True,1,0,0,1,1,1,1368,450,1818,0,False
one_call,27-03-2025-Cao_Bang-2ta1955453t1cvn,27-03-2025-Cao_Bang-2ta1955453t1cvn.json,processed,ok,True,1,0,0,1,1,1,1562,576,2138,0,False
one_call,27-03-2025-Hai_Phong-2ta1833131t1cvn,27-03-2025-Hai_Phong-2ta1833131t1cvn.json,processed,ok,True,6,0,0,6,6,1,4264,2164,6428,0,False
one_call,27-03-2025-Lai_Chau-2ta1911271t1cvn,27-03-2025-Lai_Chau-2ta1911271t1cvn.json,processed,ok,True,1,0,0,1,1,1,1436,545,1981,0,False
one_call,27-05-2025-Ca_Mau-2ta1849385t1cvn,27-05-2025-Ca_Mau-2ta1849385t1cvn.json,processed,ok,True,1,0,0,1,1,1,1563,546,2109,0,False
one_call,27-05-2025-Tra_Vinh-2ta1828715t1cvn,27-05-2025-Tra_Vinh-2ta1828715t1cvn.json,processed,ok,True,1,0,0,1,1,1,1661,562,2223,0,False
one_call,27-06-2025-Ba_Ria_Vung_Tau-2ta1939164t1cvn,27-06-2025-Ba_Ria_Vung_Tau-2ta1939164t1cvn.json,processed,ok,True,1,0,0,1,1,1,1692,667,2359,0,False
one_call,27-06-2025-Bac_Ninh-2ta1847235t1cvn,27-06-2025-Bac_Ninh-2ta1847235t1cvn.json,processed,ok,True,1,0,0,1,1,1,1571,704,2275,0,False
one_call,27-06-2025-Ha_Tinh-2ta1949532t1cvn,27-06-2025-Ha_Tinh-2ta1949532t1cvn.json,processed,ok,True,5,0,0,5,5,1,3899,1847,5746,0,False
one_call,27-06-2025-Hai_Phong-2ta1867166t1cvn,27-06-2025-Hai_Phong-2ta1867166t1cvn.json,processed,ok,True,4,0,0,4,4,1,3444,1557,5001,0,False
one_call,27-07-2025-Thanh_Hoa-2ta1906655t1cvn,27-07-2025-Thanh_Hoa-2ta1906655t1cvn.json,processed,ok,True,1,0,0,1,1,1,1716,615,2331,0,False
one_call,27-12-2024-Bac_Kan-2ta1712863t1cvn,27-12-2024-Bac_Kan-2ta1712863t1cvn.json,processed,ok,True,3,0,0,3,3,1,2991,1657,4648,0,False
one_call,28-02-2025-Bac_Ninh-2ta1805265t1cvn,28-02-2025-Bac_Ninh-2ta1805265t1cvn.json,processed,ok,True,3,0,0,3,3,1,2841,1336,4177,0,False
one_call,28-02-2025-Ho_Chi_Minh-2ta1813255t1cvn,28-02-2025-Ho_Chi_Minh-2ta1813255t1cvn.json,processed,ok,True,2,0,0,2,2,1,1998,1160,4691,1,True
one_call,28-03-2024-Son_La-2ta1468294t1cvn,28-03-2024-Son_La-2ta1468294t1cvn.json,processed,ok,True,1,0,0,1,1,1,1506,629,2135,0,False
one_call,28-03-2025-Ha_Noi-2ta1949955t1cvn,28-03-2025-Ha_Noi-2ta1949955t1cvn.json,processed,ok,True,1,0,0,1,1,1,1523,450,1973,0,False
one_call,28-03-2025-Phu_Tho-2ta1809128t1cvn,28-03-2025-Phu_Tho-2ta1809128t1cvn.json,processed,ok,True,1,0,0,1,1,1,1461,730,2191,0,False
one_call,28-06-2024-Nam_Dinh-2ta1543376t1cvn,28-06-2024-Nam_Dinh-2ta1543376t1cvn.json,processed,ok,True,7,0,0,7,7,1,4594,2691,7285,0,False
one_call,28-08-2024-Lai_Chau-2ta1687995t1cvn,28-08-2024-Lai_Chau-2ta1687995t1cvn.json,processed,ok,True,2,0,0,2,2,1,2066,972,3038,0,False
one_call,28-08-2025-Thai_Nguyen-2ta1953705t1cvn,28-08-2025-Thai_Nguyen-2ta1953705t1cvn.json,processed,ok,True,1,0,0,1,1,1,1743,503,2246,0,False
one_call,29-01-2024-Cao_Bang-2ta1640024t1cvn,29-01-2024-Cao_Bang-2ta1640024t1cvn.json,processed,ok,True,1,0,0,1,1,1,1504,576,2080,0,False
one_call,29-05-2025-Ha_Noi-2ta1928859t1cvn,29-05-2025-Ha_Noi-2ta1928859t1cvn.json,processed,ok,True,1,0,0,1,1,1,1648,577,2225,0,False
one_call,29-07-2024-Binh_Thuan-2ta1628040t1cvn,29-07-2024-Binh_Thuan-2ta1628040t1cvn.json,processed,ok,True,1,0,0,1,1,1,1449,585,2034,0,False
one_call,29-08-2025-Hung_Yen-2ta1949802t1cvn,29-08-2025-Hung_Yen-2ta1949802t1cvn.json,processed,ok,True,2,0,0,2,2,1,2287,1247,3534,0,False
one_call,29-08-2025-Lam_Dong-2ta1965044t1cvn,29-08-2025-Lam_Dong-2ta1965044t1cvn.json,processed,ok,True,3,0,0,3,3,1,2890,1488,4378,0,False
one_call,29-09-2025-Lam_Dong-2ta1986980t1cvn,29-09-2025-Lam_Dong-2ta1986980t1cvn.json,processed,ok,True,1,0,0,1,1,1,1665,552,2217,0,False
one_call,29-11-2024-Dien_Bien-2ta1696125t1cvn,29-11-2024-Dien_Bien-2ta1696125t1cvn.json,processed,ok,True,1,0,0,1,1,1,1473,562,2035,0,False
one_call,29-12-2025-Son_La-2ta2041735t1cvn,29-12-2025-Son_La-2ta2041735t1cvn.json,processed,ok,True,2,0,0,2,2,1,2076,1414,3490,0,False
one_call,30-01-2024-Son_La-2ta1414420t1cvn,30-01-2024-Son_La-2ta1414420t1cvn.json,processed,ok,True,3,0,0,3,3,1,2751,1467,4218,0,False
one_call,30-05-2025-Dong_Nai-2ta1972379t1cvn,30-05-2025-Dong_Nai-2ta1972379t1cvn.json,processed,ok,True,1,0,0,1,1,1,1428,608,2036,0,False
one_call,30-06-2025-Hai_Phong-2ta1861021t1cvn,30-06-2025-Hai_Phong-2ta1861021t1cvn.json,processed,ok,True,2,0,0,2,2,1,2126,954,3080,0,False
one_call,30-06-2025-Phu_Tho-2ta1846270t1cvn,30-06-2025-Phu_Tho-2ta1846270t1cvn.json,processed,ok,True,1,0,0,1,1,1,1610,620,2230,0,False
one_call,30-07-2024-Hoa_Binh-2ta1610407t1cvn,30-07-2024-Hoa_Binh-2ta1610407t1cvn.json,processed,ok,True,3,0,0,3,3,1,2857,1436,4293,0,False
one_call,30-07-2025-Dong_Nai-2ta1972376t1cvn,30-07-2025-Dong_Nai-2ta1972376t1cvn.json,processed,ok,True,1,0,0,1,1,1,1561,602,2163,0,False
one_call,30-07-2025-Ninh_Binh-2ta1930262t1cvn,30-07-2025-Ninh_Binh-2ta1930262t1cvn.json,processed,ok,True,1,0,0,1,1,1,1794,593,2387,0,False
one_call,30-08-2024-Dien_Bien-2ta1659912t1cvn,30-08-2024-Dien_Bien-2ta1659912t1cvn.json,processed,ok,True,2,0,0,2,2,1,2173,837,3010,0,False
one_call,30-08-2025-Bac_Ninh-2ta1944136t1cvn,30-08-2025-Bac_Ninh-2ta1944136t1cvn.json,processed,ok,True,1,0,0,1,1,1,1461,620,2081,0,False
one_call,30-09-2024-Lao_Cai-2ta1674409t1cvn,30-09-2024-Lao_Cai-2ta1674409t1cvn.json,processed,ok,True,6,0,0,6,6,1,4241,2207,6448,0,False
one_call,30-09-2025-Quang_Ninh-2ta2012554t1cvn,30-09-2025-Quang_Ninh-2ta2012554t1cvn.json,processed,ok,True,3,0,0,3,3,1,3188,1464,4652,0,False
one_call,30-10-2024-Hai_Phong-2ta1833114t1cvn,30-10-2024-Hai_Phong-2ta1833114t1cvn.json,processed,ok,True,1,0,0,1,1,1,1337,425,1762,0,False
one_call,30-10-2024-Tuyen_Quang-2ta1695466t1cvn,30-10-2024-Tuyen_Quang-2ta1695466t1cvn.json,processed,ok,True,1,0,0,1,1,1,1617,430,2047,0,False
one_call,30-10-2025-An_Giang-2ta2034318t1cvn,30-10-2025-An_Giang-2ta2034318t1cvn.json,processed,ok,True,1,0,0,1,1,1,1610,352,1962,0,False
one_call,30-12-2025-Ha_Noi-2ta2030054t1cvn,30-12-2025-Ha_Noi-2ta2030054t1cvn.json,processed,ok,True,1,0,0,1,1,1,1645,643,2288,0,False
one_call,30-12-2025-Hai_Phong-2ta2050741t1cvn,30-12-2025-Hai_Phong-2ta2050741t1cvn.json,processed,ok,True,1,0,0,1,1,1,1478,633,2111,0,False
one_call,30-12-2025-Tay_Ninh-2ta2045329t1cvn,30-12-2025-Tay_Ninh-2ta2045329t1cvn.json,processed,ok,True,1,0,0,1,1,1,1559,593,2152,0,False
one_call,31-01-2024-Ha_Noi-2ta1609907t1cvn,31-01-2024-Ha_Noi-2ta1609907t1cvn.json,processed,ok,True,1,0,0,1,1,1,1495,667,2162,0,False
one_call,31-03-2025-Vinh_Phuc-2ta1822026t1cvn,31-03-2025-Vinh_Phuc-2ta1822026t1cvn.json,processed,ok,True,1,0,0,1,1,1,1469,576,2045,0,False
one_call,31-07-2025-Nghe_An-2ta1871671t1cvn,31-07-2025-Nghe_An-2ta1871671t1cvn.json,processed,ok,True,4,0,0,4,4,1,2934,1620,4554,0,False
one_call,31-10-2025-Nghe_An-2ta2000296t1cvn,31-10-2025-Nghe_An-2ta2000296t1cvn.json,processed,ok,True,1,0,0,1,1,1,1940,771,2711,0,False
past,01-06-2023-Ben_Tre-2ta1278878t1cvn,01-06-2023-Ben_Tre-2ta1278878t1cvn.json,processed,ok,True,0,2,3,2,3,1,38335,1644,39979,0,False
past,01-06-2023-Hai_Phong-2ta1234569t1cvn,01-06-2023-Hai_Phong-2ta1234569t1cvn.json,processed,ok,True,2,0,0,2,2,1,19803,1321,21124,0,False
past,01-06-2023-Phu_Yen-2ta1227139t1cvn,01-06-2023-Phu_Yen-2ta1227139t1cvn.json,processed,ok,True,1,0,0,1,1,1,24492,910,25402,0,False
past,02-03-2023-Ho_Chi_Minh-2ta1286873t1cvn,02-03-2023-Ho_Chi_Minh-2ta1286873t1cvn.json,processed,ok,True,1,0,0,1,1,1,19904,813,20717,0,False
past,03-03-2023-Lao_Cai-2ta1164867t1cvn,03-03-2023-Lao_Cai-2ta1164867t1cvn.json,processed,ok,True,1,0,0,1,1,1,23409,801,24210,0,False
past,03-04-2023-Ho_Chi_Minh-2ta1185213t1cvn,03-04-2023-Ho_Chi_Minh-2ta1185213t1cvn.json,processed,ok,True,2,0,0,2,2,1,19462,1261,20723,0,False
past,03-08-2023-Binh_Duong-2ta1326757t1cvn,03-08-2023-Binh_Duong-2ta1326757t1cvn.json,processed,ok,True,1,0,0,1,1,1,20593,848,21441,0,False
past,03-08-2023-Ha_Tinh-2ta1274476t1cvn,03-08-2023-Ha_Tinh-2ta1274476t1cvn.json,processed,ok,True,1,0,0,1,1,1,25084,992,26076,0,False
past,04-04-2023-Tra_Vinh-2ta1178224t1cvn,04-04-2023-Tra_Vinh-2ta1178224t1cvn.json,processed,ok,True,0,1,1,1,1,1,41423,817,42240,0,False
past,05-05-2023-Long_An-2ta1203977t1cvn,05-05-2023-Long_An-2ta1203977t1cvn.json,processed,ok,True,1,0,0,1,1,1,29007,961,29968,0,False
past,05-06-2023-Tien_Giang-2ta1306735t1cvn,05-06-2023-Tien_Giang-2ta1306735t1cvn.json,processed,ok,True,1,0,0,1,1,1,23095,1098,24193,0,False
past,06-02-2023-Ha_Noi-2ta1174726t1cvn,06-02-2023-Ha_Noi-2ta1174726t1cvn.json,processed,ok,True,1,0,0,1,1,1,30582,873,31455,0,False
past,06-04-2023-Bac_Ninh-2ta1200828t1cvn,06-04-2023-Bac_Ninh-2ta1200828t1cvn.json,processed,ok,True,1,0,0,1,1,1,22419,828,23247,0,False
past,06-04-2023-Dong_Nai-2ta1346752t1cvn,06-04-2023-Dong_Nai-2ta1346752t1cvn.json,processed,ok,True,1,0,0,1,1,1,19062,1004,20066,0,False
past,06-04-2023-Ho_Chi_Minh-2ta1307846t1cvn,06-04-2023-Ho_Chi_Minh-2ta1307846t1cvn.json,processed,ok,True,2,0,0,2,2,1,30411,1594,33889,1,True
past,06-06-2023-Lai_Chau-2ta1223846t1cvn,06-06-2023-Lai_Chau-2ta1223846t1cvn.json,processed,ok,True,0,1,1,1,1,1,37249,524,37773,0,False
past,07-11-2023-Lao_Cai-2ta1375676t1cvn,07-11-2023-Lao_Cai-2ta1375676t1cvn.json,processed,ok,True,1,0,0,1,1,1,35611,1408,39059,1,True
past,08-06-2023-Ho_Chi_Minh-2ta1308047t1cvn,08-06-2023-Ho_Chi_Minh-2ta1308047t1cvn.json,processed,ok,True,1,0,0,1,1,1,32322,1081,34856,1,True
past,08-09-2023-Binh_Phuoc-2ta1349859t1cvn,08-09-2023-Binh_Phuoc-2ta1349859t1cvn.json,processed,ok,True,1,0,0,1,1,1,21930,1230,24910,1,True
past,08-09-2023-Dong_Nai-2ta1369203t1cvn,08-09-2023-Dong_Nai-2ta1369203t1cvn.json,processed,ok,True,2,0,0,2,2,1,28142,1246,30757,1,True
past,09-01-2023-Dien_Bien-2ta1123027t1cvn,09-01-2023-Dien_Bien-2ta1123027t1cvn.json,processed,ok,True,2,0,0,2,2,1,23668,1398,25066,0,False
past,09-01-2023-Hung_Yen-2ta1129313t1cvn,09-01-2023-Hung_Yen-2ta1129313t1cvn.json,processed,ok,True,1,0,0,1,1,1,23581,798,24379,0,False
past,09-03-2023-Soc_Trang-2ta1165798t1cvn,09-03-2023-Soc_Trang-2ta1165798t1cvn.json,processed,ok,True,1,0,0,1,1,1,18110,1075,19185,0,False
past,09-05-2023-Tien_Giang-2ta1324115t1cvn,09-05-2023-Tien_Giang-2ta1324115t1cvn.json,processed,ok,True,1,0,0,1,1,1,18529,762,19291,0,False
past,09-06-2023-Dong_Nai-2ta1225524t1cvn,09-06-2023-Dong_Nai-2ta1225524t1cvn.json,processed,ok,True,1,0,0,1,1,1,24361,772,25133,0,False
past,09-11-2023-Quang_Ninh-2ta1633105t1cvn,09-11-2023-Quang_Ninh-2ta1633105t1cvn.json,processed,ok,True,1,0,0,1,1,1,27213,935,28148,0,False
past,10-01-2023-Lao_Cai-2ta1122630t1cvn,10-01-2023-Lao_Cai-2ta1122630t1cvn.json,processed,ok,True,0,3,2,3,2,1,34496,486,34982,0,False
past,10-02-2023-Dien_Bien-2ta1142799t1cvn,10-02-2023-Dien_Bien-2ta1142799t1cvn.json,processed,ok,True,0,1,1,1,1,1,34220,237,34457,0,False
past,10-02-2023-Kien_Giang-2ta1253701t1cvn,10-02-2023-Kien_Giang-2ta1253701t1cvn.json,processed,ok,True,1,0,0,1,1,1,24832,937,25769,0,False
past,10-08-2023-Binh_Dinh-2ta1286314t1cvn,10-08-2023-Binh_Dinh-2ta1286314t1cvn.json,processed,ok,True,2,0,0,2,2,1,23180,1340,24520,0,False
past,10-08-2023-Ca_Mau-2ta1347184t1cvn,10-08-2023-Ca_Mau-2ta1347184t1cvn.json,processed,ok,True,2,0,0,2,2,1,29652,1055,33894,1,True
past,11-05-2023-Kon_Tum-2ta1200767t1cvn,11-05-2023-Kon_Tum-2ta1200767t1cvn.json,processed,ok,True,1,0,0,1,1,1,18993,848,19841,0,False
past,11-08-2023-Cao_Bang-2ta1333987t1cvn,11-08-2023-Cao_Bang-2ta1333987t1cvn.json,processed,ok,True,1,0,0,1,1,1,18446,640,19086,0,False
past,11-09-2023-Ho_Chi_Minh-2ta1409566t1cvn,11-09-2023-Ho_Chi_Minh-2ta1409566t1cvn.json,processed,ok,True,1,0,0,1,1,1,18968,1032,20000,0,False
past,11-12-2023-Vinh_Phuc-2ta1468139t1cvn,11-12-2023-Vinh_Phuc-2ta1468139t1cvn.json,processed,ok,True,3,0,0,3,3,1,25529,2418,29461,1,True
past,12-09-2023-Binh_Thuan-2ta1352178t1cvn,12-09-2023-Binh_Thuan-2ta1352178t1cvn.json,processed,ok,True,2,0,0,2,2,1,23578,1673,25251,0,False
past,12-09-2023-Ca_Mau-2ta1353877t1cvn,12-09-2023-Ca_Mau-2ta1353877t1cvn.json,processed,ok,True,1,0,0,1,1,1,27548,881,30125,1,True
past,12-12-2023-Binh_Phuoc-2ta1401448t1cvn,12-12-2023-Binh_Phuoc-2ta1401448t1cvn.json,processed,ok,True,1,0,0,1,1,1,27002,820,27822,0,False
past,13-07-2023-Tra_Vinh-2ta1248914t1cvn,13-07-2023-Tra_Vinh-2ta1248914t1cvn.json,processed,ok,True,1,0,0,1,1,1,30422,1144,33454,1,True
past,14-03-2023-Yen_Bai-2ta1232102t1cvn,14-03-2023-Yen_Bai-2ta1232102t1cvn.json,processed,ok,True,1,0,0,1,1,1,22263,1129,23392,0,False
past,14-08-2023-Ha_Tinh-2ta1340360t1cvn,14-08-2023-Ha_Tinh-2ta1340360t1cvn.json,processed,ok,True,1,0,0,1,1,1,19874,886,20760,0,False
past,14-09-2023-Ho_Chi_Minh-2ta1379747t1cvn,14-09-2023-Ho_Chi_Minh-2ta1379747t1cvn.json,processed,ok,True,1,0,0,1,1,1,27342,988,29886,1,True
past,14-09-2023-Ho_Chi_Minh-2ta1452795t1cvn,14-09-2023-Ho_Chi_Minh-2ta1452795t1cvn.json,processed,ok,True,1,0,0,1,1,1,26133,791,26924,0,False
past,14-12-2023-Thanh_Hoa-2ta1485650t1cvn,14-12-2023-Thanh_Hoa-2ta1485650t1cvn.json,processed,ok,True,1,0,0,1,1,1,17152,802,17954,0,False
past,15-02-2023-Tra_Vinh-2ta1141690t1cvn,15-02-2023-Tra_Vinh-2ta1141690t1cvn.json,processed,ok,True,0,1,1,1,1,1,37227,589,37816,0,False
past,15-05-2023-Phu_Tho-2ta1207059t1cvn,15-05-2023-Phu_Tho-2ta1207059t1cvn.json,processed,ok,True,1,0,0,1,1,1,20935,655,21590,0,False
past,15-06-2023-Gia_Lai-2ta1224553t1cvn,15-06-2023-Gia_Lai-2ta1224553t1cvn.json,processed,ok,True,3,0,0,3,3,1,23684,1925,25609,0,False
past,15-08-2023-Phu_Tho-2ta1344328t1cvn,15-08-2023-Phu_Tho-2ta1344328t1cvn.json,processed,ok,True,1,0,0,1,1,1,24015,767,24782,0,False
past,16-01-2023-Hai_Duong-2ta1122993t1cvn,16-01-2023-Hai_Duong-2ta1122993t1cvn.json,processed,ok,True,1,0,0,1,1,1,28982,946,29928,0,False
past,16-02-2023-Cao_Bang-2ta1154664t1cvn,16-02-2023-Cao_Bang-2ta1154664t1cvn.json,processed,ok,True,1,0,0,1,1,1,21667,858,22525,0,False
past,16-05-2023-Dien_Bien-2ta1206774t1cvn,16-05-2023-Dien_Bien-2ta1206774t1cvn.json,processed,ok,True,0,1,1,1,1,1,40256,506,40762,0,False
past,16-05-2023-Tuyen_Quang-2ta1208249t1cvn,16-05-2023-Tuyen_Quang-2ta1208249t1cvn.json,processed,ok,True,1,0,0,1,1,1,28846,910,29756,0,False
past,16-05-2023-Yen_Bai-2ta1219925t1cvn,16-05-2023-Yen_Bai-2ta1219925t1cvn.json,processed,ok,True,0,4,3,4,3,1,42849,1442,44291,0,False
past,16-08-2023-Ho_Chi_Minh-2ta1308612t1cvn,16-08-2023-Ho_Chi_Minh-2ta1308612t1cvn.json,processed,ok,True,0,6,4,6,4,1,55991,2824,58815,0,False
past,17-02-2023-Nghe_An-2ta1288865t1cvn,17-02-2023-Nghe_An-2ta1288865t1cvn.json,processed,ok,True,1,0,0,1,1,1,27579,876,28455,0,False
past,18-05-2023-Ho_Chi_Minh-2ta1323548t1cvn,18-05-2023-Ho_Chi_Minh-2ta1323548t1cvn.json,processed,ok,True,0,3,2,3,2,1,38111,994,39105,0,False
past,18-08-2023-Ho_Chi_Minh-2ta1656131t1cvn,18-08-2023-Ho_Chi_Minh-2ta1656131t1cvn.json,processed,ok,True,0,1,2,1,2,1,35390,650,36040,0,False
past,18-12-2023-Dong_Nai-2ta1420758t1cvn,18-12-2023-Dong_Nai-2ta1420758t1cvn.json,processed,ok,True,1,0,0,1,1,1,27406,978,28384,0,False
past,19-05-2023-Phu_Tho-2ta1207130t1cvn,19-05-2023-Phu_Tho-2ta1207130t1cvn.json,processed,ok,True,1,0,0,1,1,1,28921,1047,29968,0,False
past,19-10-2023-Thanh_Hoa-2ta1369315t1cvn,19-10-2023-Thanh_Hoa-2ta1369315t1cvn.json,processed,ok,True,0,4,3,4,3,1,38617,1684,40301,0,False
past,20-02-2023-Thai_Nguyen-2ta1218805t1cvn,20-02-2023-Thai_Nguyen-2ta1218805t1cvn.json,processed,ok,True,1,0,0,1,1,1,22367,940,23307,0,False
past,20-04-2023-Hai_Phong-2ta1194806t1cvn,20-04-2023-Hai_Phong-2ta1194806t1cvn.json,processed,ok,True,2,0,0,2,2,1,14720,1330,16050,0,False
past,20-06-2023-Tra_Vinh-2ta1229118t1cvn,20-06-2023-Tra_Vinh-2ta1229118t1cvn.json,processed,ok,True,1,0,0,1,1,1,22195,873,23068,0,False
past,20-08-2023-Hai_Phong-2ta1267973t1cvn,20-08-2023-Hai_Phong-2ta1267973t1cvn.json,processed,ok,True,0,2,6,2,6,1,41414,2272,43686,0,False
past,20-09-2023-Cao_Bang-2ta1380931t1cvn,20-09-2023-Cao_Bang-2ta1380931t1cvn.json,processed,ok,True,1,0,0,1,1,1,17513,624,19331,1,True
past,20-12-2023-Thai_Nguyen-2ta1566099t1cvn,20-12-2023-Thai_Nguyen-2ta1566099t1cvn.json,processed,ok,True,2,0,0,2,2,1,27914,1276,29190,0,False
past,21-02-2023-Lam_Dong-2ta1156993t1cvn,21-02-2023-Lam_Dong-2ta1156993t1cvn.json,processed,ok,True,2,0,0,2,2,1,33357,1428,36583,1,True
past,21-03-2023-Cao_Bang-2ta1192180t1cvn,21-03-2023-Cao_Bang-2ta1192180t1cvn.json,processed,ok,True,1,0,0,1,1,1,24347,798,25145,0,False
past,21-03-2023-Cao_Bang-2ta1203222t1cvn,21-03-2023-Cao_Bang-2ta1203222t1cvn.json,processed,ok,True,3,0,0,3,3,1,26223,2352,28575,0,False
past,21-04-2023-Cao_Bang-2ta1196520t1cvn,21-04-2023-Cao_Bang-2ta1196520t1cvn.json,processed,ok,True,1,0,0,1,1,1,26572,793,27365,0,False
past,21-07-2023-Ho_Chi_Minh-2ta1662061t1cvn,21-07-2023-Ho_Chi_Minh-2ta1662061t1cvn.json,processed,ok,True,1,0,0,1,1,1,19604,1254,20858,0,False
past,21-09-2023-Phu_Yen-2ta1359677t1cvn,21-09-2023-Phu_Yen-2ta1359677t1cvn.json,processed,ok,True,1,0,0,1,1,1,24065,925,24990,0,False
past,21-12-2023-Bac_Ninh-2ta1430512t1cvn,21-12-2023-Bac_Ninh-2ta1430512t1cvn.json,processed,ok,True,4,0,0,4,4,1,31888,3585,39249,1,True
past,21-12-2023-Bac_Ninh-2ta1431949t1cvn,21-12-2023-Bac_Ninh-2ta1431949t1cvn.json,processed,ok,True,1,0,0,1,1,1,29014,863,31377,1,True
past,22-03-2023-Dien_Bien-2ta1176109t1cvn,22-03-2023-Dien_Bien-2ta1176109t1cvn.json,processed,ok,True,2,0,0,2,2,1,29847,1109,30956,0,False
past,22-03-2023-Kien_Giang-2ta1340382t1cvn,22-03-2023-Kien_Giang-2ta1340382t1cvn.json,processed,ok,True,1,0,0,1,1,1,22802,878,23680,0,False
past,22-08-2023-Cao_Bang-2ta1309416t1cvn,22-08-2023-Cao_Bang-2ta1309416t1cvn.json,processed,ok,True,2,0,0,2,2,1,28490,1246,29736,0,False
past,22-08-2023-Dak_Nong-2ta1321556t1cvn,22-08-2023-Dak_Nong-2ta1321556t1cvn.json,processed,ok,True,1,0,0,1,1,1,30856,1019,33352,1,True
past,22-08-2023-Lam_Dong-2ta1358116t1cvn,22-08-2023-Lam_Dong-2ta1358116t1cvn.json,processed,ok,True,1,0,0,1,1,1,19788,813,22000,1,True
past,22-12-2023-Ho_Chi_Minh-2ta1657408t1cvn,22-12-2023-Ho_Chi_Minh-2ta1657408t1cvn.json,processed,ok,True,1,0,0,1,1,1,19563,938,20501,0,False
past,23-03-2023-Gia_Lai-2ta1174733t1cvn,23-03-2023-Gia_Lai-2ta1174733t1cvn.json,processed,ok,True,4,0,0,4,4,1,31884,2239,35687,1,True
past,23-03-2023-Nghe_An-2ta1244636t1cvn,23-03-2023-Nghe_An-2ta1244636t1cvn.json,processed,ok,True,1,0,0,1,1,1,22547,621,23168,0,False
past,23-03-2023-Quang_Tri-2ta1195452t1cvn,23-03-2023-Quang_Tri-2ta1195452t1cvn.json,processed,ok,True,0,4,4,4,4,1,35679,1155,36834,0,False
past,23-06-2023-Hau_Giang-2ta1292151t1cvn,23-06-2023-Hau_Giang-2ta1292151t1cvn.json,processed,ok,True,1,0,0,1,1,1,27810,802,28612,0,False
past,24-05-2023-Bac_Kan-2ta1221175t1cvn,24-05-2023-Bac_Kan-2ta1221175t1cvn.json,processed,ok,True,1,0,0,1,1,1,22328,832,23160,0,False
past,24-11-2023-Quang_Ninh-2ta1417966t1cvn,24-11-2023-Quang_Ninh-2ta1417966t1cvn.json,processed,ok,True,2,0,0,2,2,1,26996,1215,28211,0,False
past,25-04-2023-Dien_Bien-2ta1199719t1cvn,25-04-2023-Dien_Bien-2ta1199719t1cvn.json,processed,ok,True,1,0,0,1,1,1,23509,654,24163,0,False
past,25-07-2023-Ho_Chi_Minh-2ta1323643t1cvn,25-07-2023-Ho_Chi_Minh-2ta1323643t1cvn.json,processed,ok,True,1,0,0,1,1,1,22465,875,23340,0,False
past,25-07-2023-Ho_Chi_Minh-2ta1328212t1cvn,25-07-2023-Ho_Chi_Minh-2ta1328212t1cvn.json,processed,ok,True,1,0,0,1,1,1,19646,864,20510,0,False
past,25-09-2023-Lai_Chau-2ta1447709t1cvn,25-09-2023-Lai_Chau-2ta1447709t1cvn.json,processed,ok,True,2,0,0,2,2,1,28069,1227,29296,0,False
past,25-12-2023-Binh_Duong-2ta1402945t1cvn,25-12-2023-Binh_Duong-2ta1402945t1cvn.json,processed,ok,True,1,0,0,1,1,1,25191,1145,26336,0,False
past,26-07-2023-Dong_Nai-2ta1354977t1cvn,26-07-2023-Dong_Nai-2ta1354977t1cvn.json,processed,ok,True,1,0,0,1,1,1,33090,798,35113,1,True
past,27-06-2023-Hai_Phong-2ta1332384t1cvn,27-06-2023-Hai_Phong-2ta1332384t1cvn.json,processed,ok,True,1,0,0,1,1,1,40900,1005,43878,1,True
past,27-07-2023-Hai_Phong-2ta1270586t1cvn,27-07-2023-Hai_Phong-2ta1270586t1cvn.json,processed,ok,True,3,0,0,3,3,1,44308,1766,48029,1,True
past,27-07-2023-Phu_Yen-2ta1270483t1cvn,27-07-2023-Phu_Yen-2ta1270483t1cvn.json,processed,ok,True,1,0,0,1,1,1,19851,1215,21066,0,False
past,27-09-2023-Dien_Bien-2ta1365386t1cvn,27-09-2023-Dien_Bien-2ta1365386t1cvn.json,processed,ok,True,1,0,0,1,1,1,23648,662,24310,0,False
past,28-07-2023-Son_La-2ta1262331t1cvn,28-07-2023-Son_La-2ta1262331t1cvn.json,processed,ok,True,2,0,0,2,2,1,26234,1326,27560,0,False
past,28-08-2023-Nghe_An-2ta1302840t1cvn,28-08-2023-Nghe_An-2ta1302840t1cvn.json,processed,ok,True,0,2,2,2,2,1,37780,1145,38925,0,False
past,28-11-2023-Phu_Tho-2ta1414574t1cvn,28-11-2023-Phu_Tho-2ta1414574t1cvn.json,processed,ok,True,0,2,3,2,3,1,36011,1163,37174,0,False
past,28-12-2023-Thai_Nguyen-2ta1613530t1cvn,28-12-2023-Thai_Nguyen-2ta1613530t1cvn.json,processed,ok,True,1,0,0,1,1,1,16386,1160,17546,0,False
past,29-08-2023-Quang_Binh-2ta1355582t1cvn,29-08-2023-Quang_Binh-2ta1355582t1cvn.json,processed,ok,True,1,0,0,1,1,1,22310,850,23160,0,False
past,29-08-2023-Tay_Ninh-2ta1495422t1cvn,29-08-2023-Tay_Ninh-2ta1495422t1cvn.json,processed,ok,True,0,2,5,2,5,1,40978,2164,43142,0,False
past,29-09-2023-Hai_Phong-2ta1370718t1cvn,29-09-2023-Hai_Phong-2ta1370718t1cvn.json,processed,ok,True,4,0,0,4,4,1,17446,2199,19645,0,False
past,29-09-2023-Hai_Phong-2ta1371304t1cvn,29-09-2023-Hai_Phong-2ta1371304t1cvn.json,processed,ok,True,0,3,2,3,2,1,38958,1281,40239,0,False
past,29-12-2023-Cao_Bang-2ta1406323t1cvn,29-12-2023-Cao_Bang-2ta1406323t1cvn.json,processed,ok,True,0,2,1,2,1,1,45975,719,46694,0,False
past,30-03-2023-Ho_Chi_Minh-2ta1255219t1cvn,30-03-2023-Ho_Chi_Minh-2ta1255219t1cvn.json,processed,ok,True,1,0,0,1,1,1,19476,976,22523,1,True
past,30-08-2023-Binh_Dinh-2ta1346725t1cvn,30-08-2023-Binh_Dinh-2ta1346725t1cvn.json,processed,ok,True,1,0,0,1,1,1,24804,665,25469,0,False
past,30-08-2023-Dong_Nai-2ta1349571t1cvn,30-08-2023-Dong_Nai-2ta1349571t1cvn.json,processed,ok,True,1,0,0,1,1,1,24798,1016,25814,0,False
past,30-11-2023-Bac_Ninh-2ta1472399t1cvn,30-11-2023-Bac_Ninh-2ta1472399t1cvn.json,processed,ok,True,1,0,0,1,1,1,26237,739,26976,0,False
past,31-07-2023-Hung_Yen-2ta1274814t1cvn,31-07-2023-Hung_Yen-2ta1274814t1cvn.json,processed,ok,True,1,0,0,1,1,1,23515,788,24303,0,False
past,31-07-2023-Nghe_An-2ta1304374t1cvn,31-07-2023-Nghe_An-2ta1304374t1cvn.json,processed,ok,True,1,0,0,1,1,1,20110,734,20844,0,False
past,31-07-2023-Soc_Trang-2ta1346448t1cvn,31-07-2023-Soc_Trang-2ta1346448t1cvn.json,processed,ok,True,1,0,0,1,1,1,19270,994,20264,0,False
past,31-08-2023-Ho_Chi_Minh-2ta1655493t1cvn,31-08-2023-Ho_Chi_Minh-2ta1655493t1cvn.json,processed,ok,True,2,0,0,2,2,1,19021,1474,20495,0,False
past,01-02-2024-Khanh_Hoa-2ta1430918t1cvn,01-02-2024-Khanh_Hoa-2ta1430918t1cvn.json,processed,ok,True,1,0,0,1,1,1,21528,766,22294,0,False
past,01-04-2025-Tuyen_Quang-2ta1791873t1cvn,01-04-2025-Tuyen_Quang-2ta1791873t1cvn.json,processed,ok,True,2,0,0,2,2,1,27025,1980,29005,0,False
past,01-08-2024-Bac_Giang-2ta1610530t1cvn,01-08-2024-Bac_Giang-2ta1610530t1cvn.json,processed,ok,True,1,0,0,1,1,1,27838,915,28753,0,False
past,01-08-2025-Hai_Phong-2ta1913320t1cvn,01-08-2025-Hai_Phong-2ta1913320t1cvn.json,processed,ok,True,1,0,0,1,1,1,25603,960,26563,0,False
past,02-04-2025-Ha_Noi-2ta1950007t1cvn,02-04-2025-Ha_Noi-2ta1950007t1cvn.json,processed,ok,True,1,0,0,1,1,1,24552,922,25474,0,False
past,02-06-2025-Khanh_Hoa-2ta1912779t1cvn,02-06-2025-Khanh_Hoa-2ta1912779t1cvn.json,processed,ok,True,1,0,0,1,1,1,30992,766,33304,1,True
past,02-07-2025-Ho_Chi_Minh-2ta1973163t1cvn,02-07-2025-Ho_Chi_Minh-2ta1973163t1cvn.json,processed,ok,True,1,0,0,1,1,1,24579,912,25491,0,False
past,02-08-2024-Ho_Chi_Minh-2ta1628292t1cvn,02-08-2024-Ho_Chi_Minh-2ta1628292t1cvn.json,processed,ok,True,1,0,0,1,1,1,28225,680,28905,0,False
past,02-12-2025-Ha_Noi-2ta2018534t1cvn,02-12-2025-Ha_Noi-2ta2018534t1cvn.json,processed,ok,True,1,0,0,1,1,1,22579,1044,23623,0,False
past,03-01-2025-An_Giang-2ta1917746t1cvn,03-01-2025-An_Giang-2ta1917746t1cvn.json,processed,ok,True,1,0,0,1,1,1,20330,762,21092,0,False
past,03-01-2025-Hung_Yen-2ta1712895t1cvn,03-01-2025-Hung_Yen-2ta1712895t1cvn.json,processed,ok,True,0,1,0,1,0,1,34112,19,34131,0,False
past,03-05-2024-Thai_Binh-2ta1510909t1cvn,03-05-2024-Thai_Binh-2ta1510909t1cvn.json,processed,ok,True,6,0,0,6,6,1,23060,3228,26288,0,False
past,03-06-2025-Ho_Chi_Minh-2ta1868097t1cvn,03-06-2025-Ho_Chi_Minh-2ta1868097t1cvn.json,processed,ok,True,1,0,0,1,1,1,21104,860,21964,0,False
past,04-03-2024-Kien_Giang-2ta1597508t1cvn,04-03-2024-Kien_Giang-2ta1597508t1cvn.json,processed,ok,True,1,0,0,1,1,1,20567,770,21337,0,False
past,04-03-2025-Hung_Yen-2ta1764393t1cvn,04-03-2025-Hung_Yen-2ta1764393t1cvn.json,processed,ok,True,2,0,0,2,2,1,29022,1257,30279,0,False
past,04-06-2025-Khanh_Hoa-2ta1896878t1cvn,04-06-2025-Khanh_Hoa-2ta1896878t1cvn.json,processed,ok,True,2,0,0,2,2,1,26257,1110,27367,0,False
past,04-09-2025-Son_La-2ta1975105t1cvn,04-09-2025-Son_La-2ta1975105t1cvn.json,processed,ok,True,1,0,0,1,1,1,32324,702,34601,1,True
past,05-01-2024-Lai_Chau-2ta1406042t1cvn,05-01-2024-Lai_Chau-2ta1406042t1cvn.json,processed,ok,True,1,0,0,1,1,1,18239,696,18935,0,False
past,05-03-2024-Kien_Giang-2ta1647682t1cvn,05-03-2024-Kien_Giang-2ta1647682t1cvn.json,processed,ok,True,1,0,0,1,1,1,18883,909,19792,0,False
past,05-03-2025-Nghe_An-2ta1965821t1cvn,05-03-2025-Nghe_An-2ta1965821t1cvn.json,processed,ok,True,0,5,4,5,4,1,35326,1198,36524,0,False
past,05-07-2024-Cao_Bang-2ta1552371t1cvn,05-07-2024-Cao_Bang-2ta1552371t1cvn.json,processed,ok,True,1,0,0,1,1,1,27662,1026,30584,1,True
past,05-08-2025-Dak_Lak-2ta1897296t1cvn,05-08-2025-Dak_Lak-2ta1897296t1cvn.json,processed,ok,True,1,0,0,1,1,1,25212,1010,26222,0,False
past,05-09-2025-Ca_Mau-2ta2011326t1cvn,05-09-2025-Ca_Mau-2ta2011326t1cvn.json,processed,ok,True,0,1,1,1,1,1,44174,689,44863,0,False
past,06-01-2025-Bac_Giang-2ta1741748t1cvn,06-01-2025-Bac_Giang-2ta1741748t1cvn.json,processed,ok,True,1,0,0,1,1,1,23016,972,23988,0,False
past,06-03-2025-Nam_Dinh-2ta1782856t1cvn,06-03-2025-Nam_Dinh-2ta1782856t1cvn.json,processed,ok,True,0,2,2,2,2,1,34713,898,35611,0,False
past,06-05-2025-Quang_Ngai-2ta1883967t1cvn,06-05-2025-Quang_Ngai-2ta1883967t1cvn.json,processed,ok,True,1,0,0,1,1,1,25211,782,25993,0,False
past,06-06-2025-Ho_Chi_Minh-2ta1854245t1cvn,06-06-2025-Ho_Chi_Minh-2ta1854245t1cvn.json,processed,ok,True,2,0,0,2,2,1,18249,1122,19371,0,False
past,06-06-2025-Tuyen_Quang-2ta1850013t1cvn,06-06-2025-Tuyen_Quang-2ta1850013t1cvn.json,processed,ok,True,2,0,0,2,2,1,31763,1189,34563,1,True
past,06-08-2024-Binh_Duong-2ta1579304t1cvn,06-08-2024-Binh_Duong-2ta1579304t1cvn.json,processed,ok,True,0,2,2,2,2,1,34766,807,35573,0,False
past,06-11-2025-Dong_Nai-2ta2056899t1cvn,06-11-2025-Dong_Nai-2ta2056899t1cvn.json,processed,ok,True,1,0,0,1,1,1,25607,1107,26714,0,False
past,07-03-2025-Hai_Duong-2ta1767390t1cvn,07-03-2025-Hai_Duong-2ta1767390t1cvn.json,processed,ok,True,1,0,0,1,1,1,20685,732,21417,0,False
past,07-05-2024-Ho_Chi_Minh-2ta1619879t1cvn,07-05-2024-Ho_Chi_Minh-2ta1619879t1cvn.json,processed,ok,True,1,0,0,1,1,1,25910,691,26601,0,False
past,07-08-2024-Ba_Ria_Vung_Tau-2ta1618858t1cvn,07-08-2024-Ba_Ria_Vung_Tau-2ta1618858t1cvn.json,processed,ok,True,3,0,0,3,3,1,33059,2754,37515,1,True
past,07-08-2025-Bac_Ninh-2ta1900243t1cvn,07-08-2025-Bac_Ninh-2ta1900243t1cvn.json,processed,ok,True,2,0,0,2,2,1,32487,2178,37294,1,True
past,07-08-2025-Cao_Bang-2ta1957517t1cvn,07-08-2025-Cao_Bang-2ta1957517t1cvn.json,processed,ok,True,1,0,0,1,1,1,23839,1116,26754,1,True
past,07-08-2025-Nghe_An-2ta1871673t1cvn,07-08-2025-Nghe_An-2ta1871673t1cvn.json,processed,ok,True,1,0,0,1,1,1,22606,855,23461,0,False
past,07-11-2024-Lai_Chau-2ta1687837t1cvn,07-11-2024-Lai_Chau-2ta1687837t1cvn.json,processed,ok,True,0,1,1,1,1,1,35547,546,36093,0,False
past,08-04-2024-Ho_Chi_Minh-2ta1604010t1cvn,08-04-2024-Ho_Chi_Minh-2ta1604010t1cvn.json,processed,ok,True,1,0,0,1,1,1,22479,1050,23529,0,False
past,08-04-2024-Nam_Dinh-2ta1484859t1cvn,08-04-2024-Nam_Dinh-2ta1484859t1cvn.json,processed,ok,True,0,5,4,5,4,1,53003,3124,56127,0,False
past,08-05-2024-Dong_Thap-2ta1503612t1cvn,08-05-2024-Dong_Thap-2ta1503612t1cvn.json,processed,ok,True,1,0,0,1,1,1,26620,876,27496,0,False
past,08-07-2025-Tuyen_Quang-2ta1866767t1cvn,08-07-2025-Tuyen_Quang-2ta1866767t1cvn.json,processed,ok,True,4,0,0,4,4,1,24425,2486,26911,0,False
past,09-01-2024-Ha_Noi-2ta1626776t1cvn,09-01-2024-Ha_Noi-2ta1626776t1cvn.json,processed,ok,True,1,0,0,1,1,1,30285,779,31064,0,False
past,09-01-2025-Bac_Lieu-2ta1763232t1cvn,09-01-2025-Bac_Lieu-2ta1763232t1cvn.json,processed,ok,True,0,1,1,1,1,1,33816,338,34154,0,False
past,09-01-2025-Phu_Tho-2ta1852066t1cvn,09-01-2025-Phu_Tho-2ta1852066t1cvn.json,processed,ok,True,2,0,0,2,2,1,35723,1590,38629,1,True
past,09-04-2024-Dak_Lak-2ta1491704t1cvn,09-04-2024-Dak_Lak-2ta1491704t1cvn.json,processed,ok,True,0,3,2,3,2,1,45070,1296,46366,0,False
past,09-05-2024-Quang_Ninh-2ta1555454t1cvn,09-05-2024-Quang_Ninh-2ta1555454t1cvn.json,processed,ok,True,1,0,0,1,1,1,24140,911,25051,0,False
past,09-06-2025-Vinh_Phuc-2ta1928651t1cvn,09-06-2025-Vinh_Phuc-2ta1928651t1cvn.json,processed,ok,True,2,0,0,2,2,1,29260,1133,30393,0,False
past,09-07-2024-Tuyen_Quang-2ta1553282t1cvn,09-07-2024-Tuyen_Quang-2ta1553282t1cvn.json,processed,ok,True,0,1,8,1,8,1,40734,3471,44205,0,False
past,09-08-2024-Dong_Thap-2ta1594564t1cvn,09-08-2024-Dong_Thap-2ta1594564t1cvn.json,processed,ok,True,1,0,0,1,1,1,31343,1118,33952,1,True
past,09-09-2025-Dien_Bien-2ta1980311t1cvn,09-09-2025-Dien_Bien-2ta1980311t1cvn.json,processed,ok,True,1,0,0,1,1,1,33120,1056,36139,1,True
past,09-09-2025-Son_La-2ta1978095t1cvn,09-09-2025-Son_La-2ta1978095t1cvn.json,processed,ok,True,16,0,0,16,16,1,29932,4930,40731,1,True
past,10-01-2025-Khanh_Hoa-2ta1738112t1cvn,10-01-2025-Khanh_Hoa-2ta1738112t1cvn.json,processed,ok,True,0,1,1,1,1,1,34441,235,34676,0,False
past,10-01-2025-Phu_Tho-2ta1852183t1cvn,10-01-2025-Phu_Tho-2ta1852183t1cvn.json,processed,ok,True,1,0,0,1,1,1,21410,798,22208,0,False
past,10-03-2024-Tien_Giang-2ta1461024t1cvn,10-03-2024-Tien_Giang-2ta1461024t1cvn.json,processed,ok,True,2,0,0,2,2,1,18300,1427,19727,0,False
past,10-05-2024-Hai_Duong-2ta1521714t1cvn,10-05-2024-Hai_Duong-2ta1521714t1cvn.json,processed,ok,True,1,0,0,1,1,1,25564,640,26204,0,False
past,10-05-2025-Vinh_Phuc-2ta1820910t1cvn,10-05-2025-Vinh_Phuc-2ta1820910t1cvn.json,processed,ok,True,1,0,0,1,1,1,23800,945,24745,0,False
past,10-07-2024-Dien_Bien-2ta1564951t1cvn,10-07-2024-Dien_Bien-2ta1564951t1cvn.json,processed,ok,True,1,0,0,1,1,1,26306,728,27034,0,False
past,10-07-2025-Hai_Phong-2ta1883997t1cvn,10-07-2025-Hai_Phong-2ta1883997t1cvn.json,processed,ok,True,1,0,0,1,1,1,25732,647,26379,0,False
past,10-08-2025-Lao_Cai-2ta1964308t1cvn,10-08-2025-Lao_Cai-2ta1964308t1cvn.json,processed,ok,True,2,0,0,2,2,1,22174,1239,23413,0,False
past,10-12-2024-Bac_Ninh-2ta1805238t1cvn,10-12-2024-Bac_Ninh-2ta1805238t1cvn.json,processed,ok,True,1,0,0,1,1,1,21304,1064,22368,0,False
past,10-12-2025-Ha_Tinh-2ta2055815t1cvn,10-12-2025-Ha_Tinh-2ta2055815t1cvn.json,processed,ok,True,0,1,2,1,2,1,42043,1179,43222,0,False
past,11-01-2024-Thai_Nguyen-2ta1565714t1cvn,11-01-2024-Thai_Nguyen-2ta1565714t1cvn.json,processed,ok,True,0,1,5,1,5,1,49228,2530,51758,0,False
past,11-01-2024-Yen_Bai-2ta1413451t1cvn,11-01-2024-Yen_Bai-2ta1413451t1cvn.json,processed,ok,True,1,0,0,1,1,1,31108,788,33209,1,True
past,11-03-2024-Quang_Ngai-2ta1460455t1cvn,11-03-2024-Quang_Ngai-2ta1460455t1cvn.json,processed,ok,True,0,1,2,1,2,1,39261,1135,40396,0,False
past,11-06-2024-Ho_Chi_Minh-2ta1589981t1cvn,11-06-2024-Ho_Chi_Minh-2ta1589981t1cvn.json,processed,ok,True,1,0,0,1,1,1,20788,828,21616,0,False
past,11-08-2025-Tuyen_Quang-2ta1926816t1cvn,11-08-2025-Tuyen_Quang-2ta1926816t1cvn.json,processed,ok,True,1,0,0,1,1,1,23007,941,23948,0,False
past,11-11-2025-Ca_Mau-2ta2012503t1cvn,11-11-2025-Ca_Mau-2ta2012503t1cvn.json,processed,ok,True,1,0,0,1,1,1,15412,787,16199,0,False
past,12-01-2025-Binh_Duong-2ta1833899t1cvn,12-01-2025-Binh_Duong-2ta1833899t1cvn.json,processed,ok,True,1,0,0,1,1,1,30240,881,31121,0,False
past,12-03-2025-Ho_Chi_Minh-2ta1804598t1cvn,12-03-2025-Ho_Chi_Minh-2ta1804598t1cvn.json,processed,ok,True,1,0,0,1,1,1,31110,885,33929,1,True
past,12-08-2025-Ho_Chi_Minh-2ta1959418t1cvn,12-08-2025-Ho_Chi_Minh-2ta1959418t1cvn.json,processed,ok,True,0,2,4,2,4,1,38651,1792,40443,0,False
past,12-08-2025-Hue-2ta1952506t1cvn,12-08-2025-Hue-2ta1952506t1cvn.json,processed,ok,True,0,2,2,2,2,1,37388,1127,38515,0,False
past,12-08-2025-Lai_Chau-2ta1919469t1cvn,12-08-2025-Lai_Chau-2ta1919469t1cvn.json,processed,ok,True,0,2,1,2,1,1,33767,312,34079,0,False
past,12-08-2025-Ninh_Binh-2ta1930408t1cvn,12-08-2025-Ninh_Binh-2ta1930408t1cvn.json,processed,ok,True,1,0,0,1,1,1,18981,1102,22036,1,True
past,12-11-2024-Cao_Bang-2ta1689860t1cvn,12-11-2024-Cao_Bang-2ta1689860t1cvn.json,processed,ok,True,1,0,0,1,1,1,27531,848,29948,1,True
past,13-03-2025-Ba_Ria_Vung_Tau-2ta1810610t1cvn,13-03-2025-Ba_Ria_Vung_Tau-2ta1810610t1cvn.json,processed,ok,True,1,0,0,1,1,1,28710,817,31040,1,True
past,13-06-2024-Ho_Chi_Minh-2ta1618708t1cvn,13-06-2024-Ho_Chi_Minh-2ta1618708t1cvn.json,processed,ok,True,2,0,0,2,2,1,21080,1468,22548,0,False
past,13-08-2024-Quang_Tri-2ta1650161t1cvn,13-08-2024-Quang_Tri-2ta1650161t1cvn.json,processed,ok,True,3,0,0,3,3,1,29012,1535,30547,0,False
past,13-08-2025-Da_Nang-2ta1943094t1cvn,13-08-2025-Da_Nang-2ta1943094t1cvn.json,processed,ok,True,0,1,1,1,1,1,36781,664,37445,0,False
past,13-08-2025-Hue-2ta1952404t1cvn,13-08-2025-Hue-2ta1952404t1cvn.json,processed,ok,True,2,0,0,2,2,1,32498,1298,35381,1,True
past,14-03-2024-Thai_Binh-2ta1475993t1cvn,14-03-2024-Thai_Binh-2ta1475993t1cvn.json,processed,ok,True,1,0,0,1,1,1,26137,820,26957,0,False
past,14-03-2024-Thai_Nguyen-2ta1565744t1cvn,14-03-2024-Thai_Nguyen-2ta1565744t1cvn.json,processed,ok,True,2,0,0,2,2,1,37532,1921,40344,1,True
past,14-06-2024-Ha_Noi-2ta1588561t1cvn,14-06-2024-Ha_Noi-2ta1588561t1cvn.json,processed,ok,True,1,0,0,1,1,1,21855,892,22747,0,False
past,14-08-2025-Ha_Tinh-2ta1962835t1cvn,14-08-2025-Ha_Tinh-2ta1962835t1cvn.json,processed,ok,True,0,1,2,1,2,1,35383,797,36180,0,False
past,14-08-2025-Ho_Chi_Minh-2ta1973446t1cvn,14-08-2025-Ho_Chi_Minh-2ta1973446t1cvn.json,processed,ok,True,1,0,0,1,1,1,20646,992,21638,0,False
past,14-11-2024-Hung_Yen-2ta1778508t1cvn,14-11-2024-Hung_Yen-2ta1778508t1cvn.json,processed,ok,True,2,0,0,2,2,1,31560,1144,34803,1,True
past,14-11-2025-An_Giang-2ta2034336t1cvn,14-11-2025-An_Giang-2ta2034336t1cvn.json,processed,ok,True,2,0,0,2,2,1,16924,1288,18212,0,False
past,15-01-2025-Quang_Ninh-2ta1721699t1cvn,15-01-2025-Quang_Ninh-2ta1721699t1cvn.json,processed,ok,True,1,0,0,1,1,1,32573,1058,35783,1,True
past,15-04-2024-Tien_Giang-2ta1619955t1cvn,15-04-2024-Tien_Giang-2ta1619955t1cvn.json,processed,ok,True,1,0,0,1,1,1,17477,866,18343,0,False
past,15-04-2025-Ho_Chi_Minh-2ta1936700t1cvn,15-04-2025-Ho_Chi_Minh-2ta1936700t1cvn.json,processed,ok,True,1,0,0,1,1,1,17906,986,18892,0,False
past,15-07-2024-Tuyen_Quang-2ta1585800t1cvn,15-07-2024-Tuyen_Quang-2ta1585800t1cvn.json,processed,ok,True,0,2,1,2,1,1,37427,1155,38582,0,False
past,15-11-2024-Nghe_An-2ta1747859t1cvn,15-11-2024-Nghe_An-2ta1747859t1cvn.json,processed,ok,True,1,0,0,1,1,1,20315,782,21097,0,False
past,15-12-2025-Ninh_Binh-2ta2023886t1cvn,15-12-2025-Ninh_Binh-2ta2023886t1cvn.json,processed,ok,True,0,1,2,1,2,1,39770,1186,40956,0,False
past,16-01-2025-Lao_Cai-2ta1721534t1cvn,16-01-2025-Lao_Cai-2ta1721534t1cvn.json,processed,ok,True,6,0,0,6,6,1,29129,3413,36728,1,True
past,16-06-2025-Ha_Tinh-2ta1866292t1cvn,16-06-2025-Ha_Tinh-2ta1866292t1cvn.json,processed,ok,True,1,0,0,1,1,1,28962,1121,30083,0,False
past,16-07-2025-Ninh_Binh-2ta1893934t1cvn,16-07-2025-Ninh_Binh-2ta1893934t1cvn.json,processed,ok,True,0,2,1,2,1,1,33481,213,33694,0,False
past,16-08-2024-Ho_Chi_Minh-2ta1631427t1cvn,16-08-2024-Ho_Chi_Minh-2ta1631427t1cvn.json,processed,ok,True,1,0,0,1,1,1,18562,776,19338,0,False
past,16-09-2024-Quang_Binh-2ta1665286t1cvn,16-09-2024-Quang_Binh-2ta1665286t1cvn.json,processed,ok,True,1,0,0,1,1,1,28176,894,29070,0,False
past,16-09-2025-Dien_Bien-2ta1980369t1cvn,16-09-2025-Dien_Bien-2ta1980369t1cvn.json,processed,ok,True,1,0,0,1,1,1,22412,1236,23648,0,False
past,16-09-2025-Hai_Phong-2ta1981049t1cvn,16-09-2025-Hai_Phong-2ta1981049t1cvn.json,processed,ok,True,0,1,4,1,4,1,37824,1356,39180,0,False
past,17-01-2025-Bac_Ninh-2ta1781125t1cvn,17-01-2025-Bac_Ninh-2ta1781125t1cvn.json,processed,ok,True,1,0,0,1,1,1,23810,833,24643,0,False
past,17-01-2025-Dien_Bien-2ta1734118t1cvn,17-01-2025-Dien_Bien-2ta1734118t1cvn.json,processed,ok,True,3,0,0,3,3,1,21950,1790,23740,0,False
past,17-01-2025-Dien_Bien-2ta1734140t1cvn,17-01-2025-Dien_Bien-2ta1734140t1cvn.json,processed,ok,True,1,0,0,1,1,1,18820,1005,19825,0,False
past,17-01-2025-Hai_Phong-2ta1837868t1cvn,17-01-2025-Hai_Phong-2ta1837868t1cvn.json,processed,ok,True,1,0,0,1,1,1,20731,946,21677,0,False
past,17-03-2025-Ba_Ria_Vung_Tau-2ta1839127t1cvn,17-03-2025-Ba_Ria_Vung_Tau-2ta1839127t1cvn.json,processed,ok,True,1,0,0,1,1,1,18414,758,19172,0,False
past,17-03-2025-Hue-2ta1940719t1cvn,17-03-2025-Hue-2ta1940719t1cvn.json,processed,ok,True,1,0,0,1,1,1,31490,1106,34160,1,True
past,17-04-2024-Son_La-2ta1481639t1cvn,17-04-2024-Son_La-2ta1481639t1cvn.json,processed,ok,True,1,0,0,1,1,1,27662,787,28449,0,False
past,17-04-2024-Tuyen_Quang-2ta1484686t1cvn,17-04-2024-Tuyen_Quang-2ta1484686t1cvn.json,processed,ok,True,1,0,0,1,1,1,22065,1115,24865,1,True
past,17-04-2025-Dong_Nai-2ta1846924t1cvn,17-04-2025-Dong_Nai-2ta1846924t1cvn.json,processed,ok,True,1,0,0,1,1,1,24857,1058,25915,0,False
past,17-04-2025-Ho_Chi_Minh-2ta1799205t1cvn,17-04-2025-Ho_Chi_Minh-2ta1799205t1cvn.json,processed,ok,True,0,3,3,3,3,1,47630,1687,49317,0,False
past,17-04-2025-Thai_Binh-2ta1803410t1cvn,17-04-2025-Thai_Binh-2ta1803410t1cvn.json,processed,ok,True,1,0,0,1,1,1,21533,743,22276,0,False
past,17-06-2025-Dak_Lak-2ta1857233t1cvn,17-06-2025-Dak_Lak-2ta1857233t1cvn.json,processed,ok,True,0,1,1,1,1,1,37371,559,37930,0,False
past,17-06-2025-UnknownProvince-2ta2005675t1cvn,17-06-2025-UnknownProvince-2ta2005675t1cvn.json,processed,ok,True,3,0,0,3,3,1,28712,2070,30782,0,False
past,18-02-2025-Dien_Bien-2ta1748152t1cvn,18-02-2025-Dien_Bien-2ta1748152t1cvn.json,processed,ok,True,1,0,0,1,1,1,28616,800,29416,0,False
past,18-03-2024-Hoa_Binh-2ta1474950t1cvn,18-03-2024-Hoa_Binh-2ta1474950t1cvn.json,processed,ok,True,1,0,0,1,1,1,18625,865,19490,0,False
past,18-06-2025-Ninh_Binh-2ta1864907t1cvn,18-06-2025-Ninh_Binh-2ta1864907t1cvn.json,processed,ok,True,0,2,1,2,1,1,38826,937,39763,0,False
past,18-07-2025-Nghe_An-2ta2048978t1cvn,18-07-2025-Nghe_An-2ta2048978t1cvn.json,processed,ok,True,1,0,0,1,1,1,18943,818,19761,0,False
past,18-08-2025-Bac_Ninh-2ta1898097t1cvn,18-08-2025-Bac_Ninh-2ta1898097t1cvn.json,processed,ok,True,1,0,0,1,1,1,30364,1097,31461,0,False
past,18-08-2025-Phu_Tho-2ta1979793t1cvn,18-08-2025-Phu_Tho-2ta1979793t1cvn.json,processed,ok,True,1,0,0,1,1,1,28119,1019,29138,0,False
past,18-09-2025-Lang_Son-2ta1993084t1cvn,18-09-2025-Lang_Son-2ta1993084t1cvn.json,processed,ok,True,1,0,0,1,1,1,24536,971,25507,0,False
past,18-11-2025-Lam_Dong-2ta2012026t1cvn,18-11-2025-Lam_Dong-2ta2012026t1cvn.json,processed,ok,True,2,0,0,2,2,1,22638,1354,23992,0,False
past,19-03-2024-Ho_Chi_Minh-2ta1604003t1cvn,19-03-2024-Ho_Chi_Minh-2ta1604003t1cvn.json,processed,ok,True,3,0,0,3,3,1,24021,1647,25668,0,False
past,19-03-2025-Ho_Chi_Minh-2ta1841757t1cvn,19-03-2025-Ho_Chi_Minh-2ta1841757t1cvn.json,processed,ok,True,0,7,1,7,1,1,50182,617,50799,0,False
past,19-05-2025-Thai_Nguyen-2ta1949470t1cvn,19-05-2025-Thai_Nguyen-2ta1949470t1cvn.json,processed,ok,True,1,0,0,1,1,1,19188,844,20032,0,False
past,19-05-2025-Tuyen_Quang-2ta1850047t1cvn,19-05-2025-Tuyen_Quang-2ta1850047t1cvn.json,processed,ok,True,1,0,0,1,1,1,19999,1070,21069,0,False
past,19-06-2025-Binh_Duong-2ta1854450t1cvn,19-06-2025-Binh_Duong-2ta1854450t1cvn.json,processed,ok,True,1,0,0,1,1,1,24396,881,25277,0,False
past,19-06-2025-Son_La-2ta1854100t1cvn,19-06-2025-Son_La-2ta1854100t1cvn.json,processed,ok,True,2,0,0,2,2,1,32454,1506,37317,1,True
past,19-06-2025-Tay_Ninh-2ta1891588t1cvn,19-06-2025-Tay_Ninh-2ta1891588t1cvn.json,processed,ok,True,1,0,0,1,1,1,20203,860,21063,0,False
past,19-08-2024-Ho_Chi_Minh-2ta1657190t1cvn,19-08-2024-Ho_Chi_Minh-2ta1657190t1cvn.json,processed,ok,True,2,0,0,2,2,1,24054,1469,26644,1,True
past,19-08-2025-Bac_Ninh-2ta1944480t1cvn,19-08-2025-Bac_Ninh-2ta1944480t1cvn.json,processed,ok,True,1,0,0,1,1,1,29294,814,30108,0,False
past,19-11-2024-Quang_Tri-2ta1740390t1cvn,19-11-2024-Quang_Tri-2ta1740390t1cvn.json,processed,ok,True,3,0,0,3,3,1,25174,1913,27087,0,False
past,19-11-2025-Ho_Chi_Minh-2ta2079272t1cvn,19-11-2025-Ho_Chi_Minh-2ta2079272t1cvn.json,processed,ok,True,3,0,0,3,3,1,29804,2207,35023,1,True
past,20-01-2025-Bac_Ninh-2ta1738652t1cvn,20-01-2025-Bac_Ninh-2ta1738652t1cvn.json,processed,ok,True,1,0,0,1,1,1,26314,806,27120,0,False
past,20-05-2024-Ha_Noi-2ta1493037t1cvn,20-05-2024-Ha_Noi-2ta1493037t1cvn.json,processed,ok,True,1,0,0,1,1,1,22945,898,23843,0,False
past,20-05-2025-Ba_Ria_Vung_Tau-2ta1838148t1cvn,20-05-2025-Ba_Ria_Vung_Tau-2ta1838148t1cvn.json,processed,ok,True,1,0,0,1,1,1,32122,864,34561,1,True
past,20-05-2025-Son_La-2ta1826649t1cvn,20-05-2025-Son_La-2ta1826649t1cvn.json,processed,ok,True,2,0,0,2,2,1,23463,1407,24870,0,False
past,20-06-2024-Bac_Giang-2ta1574024t1cvn,20-06-2024-Bac_Giang-2ta1574024t1cvn.json,processed,ok,True,1,0,0,1,1,1,21553,1083,22636,0,False
past,20-09-2025-An_Giang-2ta1917767t1cvn,20-09-2025-An_Giang-2ta1917767t1cvn.json,processed,ok,True,3,0,0,3,3,1,23324,2203,25527,0,False
past,20-09-2025-Dien_Bien-2ta1982098t1cvn,20-09-2025-Dien_Bien-2ta1982098t1cvn.json,processed,ok,True,1,0,0,1,1,1,26721,797,27518,0,False
past,20-10-2025-An_Giang-2ta2034333t1cvn,20-10-2025-An_Giang-2ta2034333t1cvn.json,processed,ok,True,2,0,0,2,2,1,16608,1533,18141,0,False
past,20-11-2025-Lam_Dong-2ta2026259t1cvn,20-11-2025-Lam_Dong-2ta2026259t1cvn.json,processed,ok,True,1,0,0,1,1,1,23627,1060,24687,0,False
past,20-12-2024-Hai_Phong-2ta1833162t1cvn,20-12-2024-Hai_Phong-2ta1833162t1cvn.json,processed,ok,True,1,0,0,1,1,1,19131,1141,21993,1,True
past,21-02-2024-Hai_Phong-2ta1418269t1cvn,21-02-2024-Hai_Phong-2ta1418269t1cvn.json,processed,ok,True,2,0,0,2,2,1,20459,1357,21816,0,False
past,21-02-2025-An_Giang-2ta1973677t1cvn,21-02-2025-An_Giang-2ta1973677t1cvn.json,processed,ok,True,1,0,0,1,1,1,18225,813,19038,0,False
past,21-02-2025-Ha_Tinh-2ta1867599t1cvn,21-02-2025-Ha_Tinh-2ta1867599t1cvn.json,processed,ok,True,1,0,0,1,1,1,28278,892,29170,0,False
past,21-03-2025-Hai_Duong-2ta1788880t1cvn,21-03-2025-Hai_Duong-2ta1788880t1cvn.json,processed,ok,True,3,0,0,3,3,1,28236,1426,29662,0,False
past,21-08-2024-Ba_Ria_Vung_Tau-2ta1613282t1cvn,21-08-2024-Ba_Ria_Vung_Tau-2ta1613282t1cvn.json,processed,ok,True,1,0,0,1,1,1,21168,769,21937,0,False
past,22-03-2024-An_Giang-2ta1638930t1cvn,22-03-2024-An_Giang-2ta1638930t1cvn.json,processed,ok,True,5,0,0,5,5,1,24757,2397,27154,0,False
past,22-03-2024-Ho_Chi_Minh-2ta1647097t1cvn,22-03-2024-Ho_Chi_Minh-2ta1647097t1cvn.json,processed,ok,True,1,0,0,1,1,1,30788,769,31557,0,False
past,22-04-2024-Gia_Lai-2ta1526648t1cvn,22-04-2024-Gia_Lai-2ta1526648t1cvn.json,processed,ok,True,1,0,0,1,1,1,20031,1041,21072,0,False
past,22-04-2025-Dong_Nai-2ta1867248t1cvn,22-04-2025-Dong_Nai-2ta1867248t1cvn.json,processed,ok,True,1,0,0,1,1,1,25252,1103,26355,0,False
past,22-04-2025-Gia_Lai-2ta1972854t1cvn,22-04-2025-Gia_Lai-2ta1972854t1cvn.json,processed,ok,True,1,0,0,1,1,1,28830,1019,29849,0,False
past,22-07-2025-Ho_Chi_Minh-2ta1936709t1cvn,22-07-2025-Ho_Chi_Minh-2ta1936709t1cvn.json,processed,ok,True,4,0,0,4,4,1,27149,2585,29734,0,False
past,23-01-2025-Ha_Noi-2ta1867331t1cvn,23-01-2025-Ha_Noi-2ta1867331t1cvn.json,processed,ok,True,1,0,0,1,1,1,16287,823,17110,0,False
past,23-01-2025-Hung_Yen-2ta1769729t1cvn,23-01-2025-Hung_Yen-2ta1769729t1cvn.json,processed,ok,True,2,0,0,2,2,1,19323,1539,20862,0,False
past,23-01-2025-Thai_Binh-2ta1733198t1cvn,23-01-2025-Thai_Binh-2ta1733198t1cvn.json,processed,ok,True,1,0,0,1,1,1,25347,996,26343,0,False
past,23-04-2025-Ho_Chi_Minh-2ta1959237t1cvn,23-04-2025-Ho_Chi_Minh-2ta1959237t1cvn.json,processed,ok,True,0,1,1,1,1,1,36177,636,36813,0,False
past,23-05-2024-Nam_Dinh-2ta1508192t1cvn,23-05-2024-Nam_Dinh-2ta1508192t1cvn.json,processed,ok,True,0,1,3,1,3,1,35460,1346,36806,0,False
past,23-05-2024-Quang_Ninh-2ta1524752t1cvn,23-05-2024-Quang_Ninh-2ta1524752t1cvn.json,processed,ok,True,0,4,2,4,2,1,37134,748,37882,0,False
past,23-05-2025-Ho_Chi_Minh-2ta1973138t1cvn,23-05-2025-Ho_Chi_Minh-2ta1973138t1cvn.json,processed,ok,True,1,0,0,1,1,1,26855,796,27651,0,False
past,23-06-2025-Lao_Cai-2ta1866137t1cvn,23-06-2025-Lao_Cai-2ta1866137t1cvn.json,processed,ok,True,1,0,0,1,1,1,24436,934,25370,0,False
past,23-07-2025-Dien_Bien-2ta1880919t1cvn,23-07-2025-Dien_Bien-2ta1880919t1cvn.json,processed,ok,True,0,3,4,3,4,1,40201,2533,42734,0,False
past,23-08-2024-Thai_Binh-2ta1612148t1cvn,23-08-2024-Thai_Binh-2ta1612148t1cvn.json,processed,ok,True,7,0,0,7,7,1,32362,3696,37769,1,True
past,23-12-2024-An_Giang-2ta1917916t1cvn,23-12-2024-An_Giang-2ta1917916t1cvn.json,processed,ok,True,1,0,0,1,1,1,38340,543,45281,1,True
past,24-01-2025-Khanh_Hoa-2ta1714281t1cvn,24-01-2025-Khanh_Hoa-2ta1714281t1cvn.json,processed,ok,True,1,0,0,1,1,1,34968,1049,38202,1,True
past,24-01-2025-Thanh_Hoa-2ta1775751t1cvn,24-01-2025-Thanh_Hoa-2ta1775751t1cvn.json,processed,ok,True,1,0,0,1,1,1,25312,1215,26527,0,False
past,24-03-2025-Can_Tho-2ta1851514t1cvn,24-03-2025-Can_Tho-2ta1851514t1cvn.json,processed,ok,True,1,0,0,1,1,1,24939,817,25756,0,False
past,24-03-2025-Dien_Bien-2ta1800318t1cvn,24-03-2025-Dien_Bien-2ta1800318t1cvn.json,processed,ok,True,1,0,0,1,1,1,20690,711,21401,0,False
past,24-05-2024-Da_Nang-2ta1504174t1cvn,24-05-2024-Da_Nang-2ta1504174t1cvn.json,processed,ok,True,1,0,0,1,1,1,31255,975,33609,1,True
past,24-06-2025-Bac_Ninh-2ta1956848t1cvn,24-06-2025-Bac_Ninh-2ta1956848t1cvn.json,processed,ok,True,1,0,0,1,1,1,29500,1316,30816,0,False
past,24-06-2025-Son_La-2ta1858883t1cvn,24-06-2025-Son_La-2ta1858883t1cvn.json,processed,ok,True,2,0,0,2,2,1,33059,1366,36045,1,True
past,24-06-2025-Son_La-2ta1864510t1cvn,24-06-2025-Son_La-2ta1864510t1cvn.json,processed,ok,True,1,0,0,1,1,1,31918,940,34456,1,True
past,24-07-2024-Ninh_Binh-2ta1558645t1cvn,24-07-2024-Ninh_Binh-2ta1558645t1cvn.json,processed,ok,True,1,0,0,1,1,1,31890,1146,34336,1,True
past,24-07-2025-An_Giang-2ta1941635t1cvn,24-07-2025-An_Giang-2ta1941635t1cvn.json,processed,ok,True,1,0,0,1,1,1,18085,985,19070,0,False
past,24-07-2025-Ho_Chi_Minh-2ta1887832t1cvn,24-07-2025-Ho_Chi_Minh-2ta1887832t1cvn.json,processed,ok,True,5,0,0,5,5,1,30110,3377,35727,1,True
past,24-07-2025-Hung_Yen-2ta1875157t1cvn,24-07-2025-Hung_Yen-2ta1875157t1cvn.json,processed,ok,True,2,0,0,2,2,1,29463,1327,30790,0,False
past,24-09-2024-Dien_Bien-2ta1667513t1cvn,24-09-2024-Dien_Bien-2ta1667513t1cvn.json,processed,ok,True,1,0,0,1,1,1,29735,713,30448,0,False
past,24-09-2024-Son_La-2ta1667472t1cvn,24-09-2024-Son_La-2ta1667472t1cvn.json,processed,ok,True,1,0,0,1,1,1,28022,805,28827,0,False
past,24-12-2025-Ho_Chi_Minh-2ta2075090t1cvn,24-12-2025-Ho_Chi_Minh-2ta2075090t1cvn.json,processed,ok,True,1,0,0,1,1,1,24177,989,25166,0,False
past,25-02-2025-Dien_Bien-2ta1748471t1cvn,25-02-2025-Dien_Bien-2ta1748471t1cvn.json,processed,ok,True,0,2,2,2,2,1,38886,875,39761,0,False
past,25-02-2025-Hung_Yen-2ta1764446t1cvn,25-02-2025-Hung_Yen-2ta1764446t1cvn.json,processed,ok,True,1,0,0,1,1,1,6285,692,6977,0,False
past,25-04-2025-Son_La-2ta1802492t1cvn,25-04-2025-Son_La-2ta1802492t1cvn.json,processed,ok,True,1,0,0,1,1,1,21466,772,22238,0,False
past,25-08-2024-Hai_Phong-2ta1657210t1cvn,25-08-2024-Hai_Phong-2ta1657210t1cvn.json,processed,ok,True,1,0,0,1,1,1,25874,1085,28323,1,True
past,25-08-2025-Ho_Chi_Minh-2ta1991219t1cvn,25-08-2025-Ho_Chi_Minh-2ta1991219t1cvn.json,processed,ok,True,7,0,0,7,7,1,33186,3387,38403,1,True
past,25-09-2024-Dien_Bien-2ta1675572t1cvn,25-09-2024-Dien_Bien-2ta1675572t1cvn.json,processed,ok,True,1,0,0,1,1,1,32743,1090,35921,1,True
past,25-09-2025-Dien_Bien-2ta1982671t1cvn,25-09-2025-Dien_Bien-2ta1982671t1cvn.json,processed,ok,True,0,1,0,1,0,1,33559,19,33578,0,False
past,25-11-2025-Hung_Yen-2ta2011482t1cvn,25-11-2025-Hung_Yen-2ta2011482t1cvn.json,processed,ok,True,1,0,0,1,1,1,17288,817,18105,0,False
past,25-12-2024-Thanh_Hoa-2ta1716936t1cvn,25-12-2024-Thanh_Hoa-2ta1716936t1cvn.json,processed,ok,True,2,0,0,2,2,1,20941,1340,22281,0,False
past,26-02-2025-Lai_Chau-2ta1748216t1cvn,26-02-2025-Lai_Chau-2ta1748216t1cvn.json,processed,ok,True,1,0,0,1,1,1,17378,832,18210,0,False
past,26-05-2025-Bac_Ninh-2ta1956390t1cvn,26-05-2025-Bac_Ninh-2ta1956390t1cvn.json,processed,ok,True,1,0,0,1,1,1,23205,875,24080,0,False
past,26-05-2025-Da_Nang-2ta1936169t1cvn,26-05-2025-Da_Nang-2ta1936169t1cvn.json,processed,ok,True,1,0,0,1,1,1,21032,811,21843,0,False
past,26-05-2025-Phu_Tho-2ta1852318t1cvn,26-05-2025-Phu_Tho-2ta1852318t1cvn.json,processed,ok,True,1,0,0,1,1,1,24231,821,25052,0,False
past,26-06-2025-Khanh_Hoa-2ta1897155t1cvn,26-06-2025-Khanh_Hoa-2ta1897155t1cvn.json,processed,ok,True,1,0,0,1,1,1,28629,817,29446,0,False
past,26-06-2025-Lai_Chau-2ta2005423t1cvn,26-06-2025-Lai_Chau-2ta2005423t1cvn.json,processed,ok,True,0,5,4,5,4,1,54931,2491,57422,0,False
past,26-08-2025-Da_Nang-2ta1962683t1cvn,26-08-2025-Da_Nang-2ta1962683t1cvn.json,processed,ok,True,1,0,0,1,1,1,26221,943,27164,0,False
past,26-09-2024-Kon_Tum-2ta1676580t1cvn,26-09-2024-Kon_Tum-2ta1676580t1cvn.json,processed,ok,True,2,0,0,2,2,1,27178,1166,28344,0,False
past,26-12-2024-Quang_Nam-2ta1921187t1cvn,26-12-2024-Quang_Nam-2ta1921187t1cvn.json,processed,ok,True,1,0,0,1,1,1,33061,955,35780,1,True
past,27-02-2024-Ho_Chi_Minh-2ta1655303t1cvn,27-02-2024-Ho_Chi_Minh-2ta1655303t1cvn.json,processed,ok,True,1,0,0,1,1,1,31774,934,34677,1,True
past,27-02-2025-Khanh_Hoa-2ta1962876t1cvn,27-02-2025-Khanh_Hoa-2ta1962876t1cvn.json,processed,ok,True,1,0,0,1,1,1,25996,827,26823,0,False
past,27-03-2025-Binh_Duong-2ta1791339t1cvn,27-03-2025-Binh_Duong-2ta1791339t1cvn.json,processed,ok,True,1,0,0,1,1,1,20266,1169,21435,0,False
past,27-03-2025-Binh_Duong-2ta1794110t1cvn,27-03-2025-Binh_Duong-2ta1794110t1cvn.json,processed,ok,True,1,0,0,1,1,1,21136,880,22016,0,False
past,27-03-2025-Cao_Bang-2ta1955453t1cvn,27-03-2025-Cao_Bang-2ta1955453t1cvn.json,processed,ok,True,1,0,0,1,1,1,21179,762,21941,0,False
past,27-03-2025-Hai_Phong-2ta1833131t1cvn,27-03-2025-Hai_Phong-2ta1833131t1cvn.json,processed,ok,True,0,6,6,6,6,1,51034,3578,54612,0,False
past,27-03-2025-Lai_Chau-2ta1911271t1cvn,27-03-2025-Lai_Chau-2ta1911271t1cvn.json,processed,ok,True,0,1,2,1,2,1,39639,743,40382,0,False
past,27-05-2025-Ca_Mau-2ta1849385t1cvn,27-05-2025-Ca_Mau-2ta1849385t1cvn.json,processed,ok,True,1,0,0,1,1,1,22716,713,23429,0,False
past,27-05-2025-Tra_Vinh-2ta1828715t1cvn,27-05-2025-Tra_Vinh-2ta1828715t1cvn.json,processed,ok,True,1,0,0,1,1,1,30474,868,31342,0,False
past,27-06-2025-Ba_Ria_Vung_Tau-2ta1939164t1cvn,27-06-2025-Ba_Ria_Vung_Tau-2ta1939164t1cvn.json,processed,ok,True,1,0,0,1,1,1,20899,1001,21900,0,False
past,27-06-2025-Bac_Ninh-2ta1847235t1cvn,27-06-2025-Bac_Ninh-2ta1847235t1cvn.json,processed,ok,True,0,1,2,1,2,1,36352,1081,37433,0,False
past,27-06-2025-Ha_Tinh-2ta1949532t1cvn,27-06-2025-Ha_Tinh-2ta1949532t1cvn.json,processed,ok,True,0,5,4,5,4,1,49541,2863,52404,0,False
past,27-06-2025-Hai_Phong-2ta1867166t1cvn,27-06-2025-Hai_Phong-2ta1867166t1cvn.json,processed,ok,True,0,4,5,4,5,1,44069,2296,46365,0,False
past,27-07-2025-Thanh_Hoa-2ta1906655t1cvn,27-07-2025-Thanh_Hoa-2ta1906655t1cvn.json,processed,ok,True,1,0,0,1,1,1,14955,1066,16021,0,False
past,27-12-2024-Bac_Kan-2ta1712863t1cvn,27-12-2024-Bac_Kan-2ta1712863t1cvn.json,processed,ok,True,0,3,1,3,1,1,35807,691,36498,0,False
past,28-02-2025-Bac_Ninh-2ta1805265t1cvn,28-02-2025-Bac_Ninh-2ta1805265t1cvn.json,processed,ok,True,0,3,3,3,3,1,36550,793,37343,0,False
past,28-02-2025-Ho_Chi_Minh-2ta1813255t1cvn,28-02-2025-Ho_Chi_Minh-2ta1813255t1cvn.json,processed,ok,True,0,2,3,2,3,1,37116,1329,38445,0,False
past,28-03-2024-Son_La-2ta1468294t1cvn,28-03-2024-Son_La-2ta1468294t1cvn.json,processed,ok,True,1,0,0,1,1,1,29553,1002,30555,0,False
past,28-03-2025-Ha_Noi-2ta1949955t1cvn,28-03-2025-Ha_Noi-2ta1949955t1cvn.json,processed,ok,True,0,1,4,1,4,1,38124,1555,39679,0,False
past,28-03-2025-Phu_Tho-2ta1809128t1cvn,28-03-2025-Phu_Tho-2ta1809128t1cvn.json,processed,ok,True,1,0,0,1,1,1,21501,1231,22732,0,False
past,28-06-2024-Nam_Dinh-2ta1543376t1cvn,28-06-2024-Nam_Dinh-2ta1543376t1cvn.json,processed,ok,True,0,7,4,7,4,1,54877,2546,57423,0,False
past,28-08-2024-Lai_Chau-2ta1687995t1cvn,28-08-2024-Lai_Chau-2ta1687995t1cvn.json,processed,ok,True,2,0,0,2,2,1,25608,1144,26752,0,False
past,28-08-2025-Thai_Nguyen-2ta1953705t1cvn,28-08-2025-Thai_Nguyen-2ta1953705t1cvn.json,processed,ok,True,1,0,0,1,1,1,19695,1001,20696,0,False
past,29-01-2024-Cao_Bang-2ta1640024t1cvn,29-01-2024-Cao_Bang-2ta1640024t1cvn.json,processed,ok,True,1,0,0,1,1,1,21492,1058,25492,1,True
past,29-05-2025-Ha_Noi-2ta1928859t1cvn,29-05-2025-Ha_Noi-2ta1928859t1cvn.json,processed,ok,True,0,1,3,1,3,1,42495,1630,44125,0,False
past,29-07-2024-Binh_Thuan-2ta1628040t1cvn,29-07-2024-Binh_Thuan-2ta1628040t1cvn.json,processed,ok,True,1,0,0,1,1,1,22341,886,23227,0,False
past,29-08-2025-Hung_Yen-2ta1949802t1cvn,29-08-2025-Hung_Yen-2ta1949802t1cvn.json,processed,ok,True,2,0,0,2,2,1,30612,1626,32238,2,True
past,29-08-2025-Lam_Dong-2ta1965044t1cvn,29-08-2025-Lam_Dong-2ta1965044t1cvn.json,processed,ok,True,0,3,1,3,1,1,34252,399,34651,0,False
past,29-09-2025-Lam_Dong-2ta1986980t1cvn,29-09-2025-Lam_Dong-2ta1986980t1cvn.json,processed,ok,True,1,0,0,1,1,1,28038,915,28953,0,False
past,29-11-2024-Dien_Bien-2ta1696125t1cvn,29-11-2024-Dien_Bien-2ta1696125t1cvn.json,processed,ok,True,1,0,0,1,1,1,19782,829,20611,0,False
past,29-12-2025-Son_La-2ta2041735t1cvn,29-12-2025-Son_La-2ta2041735t1cvn.json,processed,ok,True,2,0,0,2,2,1,31072,1568,36767,1,True
past,30-01-2024-Son_La-2ta1414420t1cvn,30-01-2024-Son_La-2ta1414420t1cvn.json,processed,ok,True,3,0,0,3,3,1,43491,1956,48180,1,True
past,30-05-2025-Dong_Nai-2ta1972379t1cvn,30-05-2025-Dong_Nai-2ta1972379t1cvn.json,processed,ok,True,1,0,0,1,1,1,20134,981,22865,1,True
past,30-06-2025-Hai_Phong-2ta1861021t1cvn,30-06-2025-Hai_Phong-2ta1861021t1cvn.json,processed,ok,True,2,0,0,2,2,1,25720,1127,26847,0,False
past,30-06-2025-Phu_Tho-2ta1846270t1cvn,30-06-2025-Phu_Tho-2ta1846270t1cvn.json,processed,ok,True,1,0,0,1,1,1,21547,1028,22575,0,False
past,30-07-2024-Hoa_Binh-2ta1610407t1cvn,30-07-2024-Hoa_Binh-2ta1610407t1cvn.json,processed,ok,True,0,3,1,3,1,1,44447,473,44920,0,False
past,30-07-2025-Dong_Nai-2ta1972376t1cvn,30-07-2025-Dong_Nai-2ta1972376t1cvn.json,processed,ok,True,1,0,0,1,1,1,24932,945,25877,0,False
past,30-07-2025-Ninh_Binh-2ta1930262t1cvn,30-07-2025-Ninh_Binh-2ta1930262t1cvn.json,processed,ok,True,1,0,0,1,1,1,26428,864,27292,0,False
past,30-08-2024-Dien_Bien-2ta1659912t1cvn,30-08-2024-Dien_Bien-2ta1659912t1cvn.json,processed,ok,True,2,0,0,2,2,1,33335,1436,36270,1,True
past,30-08-2025-Bac_Ninh-2ta1944136t1cvn,30-08-2025-Bac_Ninh-2ta1944136t1cvn.json,processed,ok,True,1,0,0,1,1,1,21544,980,22524,0,False
past,30-09-2024-Lao_Cai-2ta1674409t1cvn,30-09-2024-Lao_Cai-2ta1674409t1cvn.json,processed,ok,True,0,6,4,6,4,1,48856,1734,50590,0,False
past,30-09-2025-Quang_Ninh-2ta2012554t1cvn,30-09-2025-Quang_Ninh-2ta2012554t1cvn.json,processed,ok,True,3,0,0,3,3,1,34863,2014,38297,1,True
past,30-10-2024-Hai_Phong-2ta1833114t1cvn,30-10-2024-Hai_Phong-2ta1833114t1cvn.json,processed,ok,True,0,1,2,1,2,1,41904,1134,43038,0,False
past,30-10-2024-Tuyen_Quang-2ta1695466t1cvn,30-10-2024-Tuyen_Quang-2ta1695466t1cvn.json,processed,ok,True,1,0,0,1,1,1,32036,728,33890,1,True
past,30-10-2025-An_Giang-2ta2034318t1cvn,30-10-2025-An_Giang-2ta2034318t1cvn.json,processed,ok,True,1,0,0,1,1,1,17354,711,18065,0,False
past,30-12-2025-Ha_Noi-2ta2030054t1cvn,30-12-2025-Ha_Noi-2ta2030054t1cvn.json,processed,ok,True,1,0,0,1,1,1,24193,1034,25227,0,False
past,30-12-2025-Hai_Phong-2ta2050741t1cvn,30-12-2025-Hai_Phong-2ta2050741t1cvn.json,processed,ok,True,1,0,0,1,1,1,26429,1136,27565,0,False
past,30-12-2025-Tay_Ninh-2ta2045329t1cvn,30-12-2025-Tay_Ninh-2ta2045329t1cvn.json,processed,ok,True,1,0,0,1,1,1,28704,849,29553,0,False
past,31-01-2024-Ha_Noi-2ta1609907t1cvn,31-01-2024-Ha_Noi-2ta1609907t1cvn.json,processed,ok,True,1,0,0,1,1,1,29708,856,30564,0,False
past,31-03-2025-Vinh_Phuc-2ta1822026t1cvn,31-03-2025-Vinh_Phuc-2ta1822026t1cvn.json,processed,ok,True,1,0,0,1,1,1,18836,911,19747,0,False
past,31-07-2025-Nghe_An-2ta1871671t1cvn,31-07-2025-Nghe_An-2ta1871671t1cvn.json,processed,ok,True,0,4,2,4,2,1,36098,839,36937,0,False
past,31-10-2025-Nghe_An-2ta2000296t1cvn,31-10-2025-Nghe_An-2ta2000296t1cvn.json,processed,ok,True,1,0,0,1,1,1,30072,1288,33781,1,True
